participantID,locationx,locationy,apartmentID,joviality,educationLevel,cluster
0,-2721.353174109782,6862.8612194660855,926,0.001626703,HighSchoolOrCollege,2
1,-1531.1328847088653,5597.244219744858,928,0.3280865,HighSchoolOrCollege,1
2,-1352.9677515710423,2095.779439981468,291,0.39346959,HighSchoolOrCollege,0
3,-1550.046162256439,5606.726708601213,1243,0.138063446,HighSchoolOrCollege,1
4,1488.4782480253098,3490.8932244227935,136,0.857396691,Bachelors,3
5,-1511.4440690712386,1994.4821122365117,243,0.772957791,HighSchoolOrCollege,0
6,1789.4153053376972,3245.3104881693826,183,0.833980668,HighSchoolOrCollege,3
7,-1025.4630206407976,1571.1658211045055,97,0.958189409,Bachelors,0
8,611.3346599759675,2266.011783648469,321,0.697554819,Bachelors,0
9,-2025.813803104962,2039.3990990051875,355,0.467131409,Bachelors,0
10,1816.3549639769624,5215.958137993539,91,0.557176006,HighSchoolOrCollege,3
11,-4580.138686257654,7008.662374002434,1582,0.25422732,HighSchoolOrCollege,2
12,-511.5960817230892,6362.843895698503,1198,0.241615182,HighSchoolOrCollege,1
13,585.7918117851856,3538.798388512636,141,0.724503834,Bachelors,3
14,1603.441866432816,4025.5633312874506,66,0.930003289,Graduate,3
15,-1662.1497492873168,5616.28437419331,930,0.232266068,HighSchoolOrCollege,1
16,1831.08936976338,5326.192433295153,101,0.392189088,Bachelors,3
17,-1704.7713283737937,5630.22569812214,1003,0.114667399,Bachelors,1
18,-1062.3812299904594,3002.1215906661346,482,0.32696558,Graduate,0
19,1792.288740518518,3445.633257478743,276,0.486470164,Bachelors,3
20,-1435.4128878299682,2057.4318747557327,301,0.619057739,HighSchoolOrCollege,0
21,1409.3995291046801,3410.1712682211246,169,0.931240975,Low,3
22,1621.7516640707404,4457.745004135188,88,0.663815663,HighSchoolOrCollege,3
23,-1108.7013252400461,3076.5769666578326,532,0.260211811,Low,0
24,-1530.7039862202507,2057.4318747557327,309,0.607328128,Bachelors,0
25,-1702.1057284608669,2048.2715608575318,273,0.520535752,HighSchoolOrCollege,0
26,-1627.3229182469468,2048.2715608575318,371,0.549177225,HighSchoolOrCollege,0
27,-1551.3343645385485,5650.818929732952,1239,0.135148815,HighSchoolOrCollege,1
28,-1551.3343645385485,5676.174237812989,1254,0.230073813,Bachelors,1
29,2217.5168940808653,4848.952197366105,344,0.607853294,Low,3
30,678.0809284400252,2936.8175399850243,284,0.681423545,HighSchoolOrCollege,3
31,-1190.9491044172587,2889.1141360057463,810,0.23266675,Graduate,0
32,-625.5724812374312,6284.072402551033,1146,0.189498641,HighSchoolOrCollege,1
33,-4588.788594815711,7076.2404077290485,1397,0.094585958,Bachelors,2
34,2050.180926104707,4335.0803589938605,35,0.767112453,Low,3
35,1491.7960329571924,3427.9695688061133,215,0.707950782,Low,3
36,-1851.7810522771383,1845.2751568334254,111,0.348019484,Graduate,0
37,-2401.058309657752,6214.165374816003,1080,0.174975799,HighSchoolOrCollege,2
38,-1845.1054225181472,6223.628607476944,1216,0.215116214,Low,1
39,1259.7550319545578,4768.65403499302,188,0.862950926,Bachelors,3
40,4.502697650541232,5359.332759482619,977,0.880410054,Low,1
41,1404.7963985230203,3346.4336047045435,245,0.863663966,HighSchoolOrCollege,3
42,-4411.7126526365555,4644.449348411632,1471,0.055283617,HighSchoolOrCollege,2
43,-615.3610400980101,6219.202532754804,934,0.045228735,Bachelors,1
45,-2495.13905368497,6791.116922785467,955,0.179657824,Graduate,2
46,-574.8545408956802,6184.855099073229,985,0.225049088,HighSchoolOrCollege,1
47,-1473.1756324816884,954.9226790202229,58,0.424159724,HighSchoolOrCollege,0
48,1217.5077506817527,3514.1697849435245,115,0.485827661,HighSchoolOrCollege,3
49,-1670.2879810541003,6254.208538501094,1247,0.229589642,Graduate,1
50,2179.5103652880916,4964.080440343192,279,0.576174771,HighSchoolOrCollege,3
51,1352.5746952525114,3257.1881835177824,90,0.374354513,Graduate,3
52,567.7208874125674,1914.3615429683741,336,0.730126771,HighSchoolOrCollege,0
53,-3324.5781138055304,7755.314857560063,1599,0.140697641,Low,2
54,1024.2373011492627,4571.087727993299,196,0.778504463,Graduate,3
55,-1585.4991059842016,1889.1871542928043,92,0.770806686,HighSchoolOrCollege,0
56,2253.3211062717032,4060.9279154409005,44,0.734056857,Graduate,3
57,2211.1188040814286,5227.989103585554,16,0.422849796,Graduate,3
58,-1095.8438546268312,2495.769897064819,682,0.192945633,Graduate,0
59,-2514.175452075128,6215.348693777564,1165,0.186308253,Bachelors,2
60,1274.2715913565519,1163.5051209752276,266,0.411129251,HighSchoolOrCollege,0
61,-1396.3194484189332,2171.962600676111,22,0.598278749,HighSchoolOrCollege,0
62,-1406.4414272258414,2146.9787804386006,352,0.491406814,Bachelors,0
63,2123.9062678259706,5021.749305819725,17,0.583943591,HighSchoolOrCollege,3
64,-486.82641406796574,1855.0243750092998,320,0.330606159,HighSchoolOrCollege,0
65,967.0498054893425,343.3889251176581,365,0.498178653,HighSchoolOrCollege,0
66,-1021.5011386286116,1340.518679223127,190,0.773765426,Bachelors,0
67,1749.5557672904667,5245.7527151363665,33,0.438788793,HighSchoolOrCollege,3
68,-1459.3383959982882,876.0742311345832,109,0.519538618,HighSchoolOrCollege,0
69,537.5487781075327,4325.595357065675,192,0.743901318,Bachelors,3
70,2233.214439882725,4053.359048843635,74,0.72544679,HighSchoolOrCollege,3
71,2233.214439882725,4053.359048843635,322,0.947066909,Bachelors,3
72,-501.2049745494901,6212.625748319062,1269,0.218744284,Bachelors,1
73,-1340.7911019175422,2119.6917523263082,73,0.381370977,Bachelors,0
74,12.631829182070042,5340.500579439835,1085,0.904601349,HighSchoolOrCollege,1
75,1250.452126424467,4840.237968877947,325,0.791342831,HighSchoolOrCollege,3
76,-1328.614452264042,2167.516377015989,76,0.362917704,HighSchoolOrCollege,0
77,1999.4807201499916,5322.478792532552,134,0.621716267,HighSchoolOrCollege,3
78,-2504.3540381962953,2481.628836470987,641,0.188638917,Graduate,0
79,-2442.6000759118815,2438.3864739217074,764,0.03403389,HighSchoolOrCollege,0
80,1910.8047260903031,5326.192433295153,28,0.40138993,HighSchoolOrCollege,3
81,593.9684897030291,3555.941753443666,257,0.871320255,Graduate,3
82,504.51046378057964,1477.886760892753,202,0.955760648,Graduate,0
83,-127.26644726325719,3412.3933194691285,910,0.027148207,HighSchoolOrCollege,3
84,-1950.1123675186413,2081.396323862277,298,0.455102277,HighSchoolOrCollege,0
85,-1354.973768504102,1981.2146090058627,349,0.354510651,HighSchoolOrCollege,0
86,-1628.8496403161969,797.2604866084483,288,0.399201318,HighSchoolOrCollege,0
87,353.46630938349324,5036.394910300052,905,0.725176476,HighSchoolOrCollege,3
88,4.502697650541232,5359.332759482619,1163,0.746921002,HighSchoolOrCollege,1
89,-1226.993143660362,3218.864741533599,577,0.169054036,HighSchoolOrCollege,0
90,-1136.94740500444,3205.4960456386566,771,0.139818869,HighSchoolOrCollege,0
91,-100.94272074299435,5328.444832535462,1050,0.733204092,HighSchoolOrCollege,1
92,2015.6012258387632,4877.664215132254,106,0.467868166,HighSchoolOrCollege,3
93,1792.288740518518,3445.633257478743,187,0.580101654,HighSchoolOrCollege,3
94,2035.1726279289167,4888.173729217788,367,0.413830119,Bachelors,3
95,-1423.5831222046177,1973.3137542599502,121,0.451218504,Low,0
96,-1436.7396484852209,1991.45221093596,122,0.504845427,HighSchoolOrCollege,0
97,-185.9292838076562,1520.3270983045118,2,0.679506778,Graduate,0
98,-1423.5831222046177,1973.3137542599502,229,0.366630644,HighSchoolOrCollege,0
99,-365.12598626158865,1859.8642843940092,93,0.39686665,Bachelors,0
100,-4579.0797589232825,7267.629836792702,1503,0.142686163,Low,2
101,-4503.988170041366,4735.108702736576,1591,0.020504586,HighSchoolOrCollege,2
102,-565.5506282661323,5120.385828479983,909,0.265501227,Bachelors,1
103,-436.3311441380732,5254.480460709678,938,0.194724115,Bachelors,1
104,345.06266211374634,5055.5261801554925,1053,0.991414933,HighSchoolOrCollege,3
105,2191.451754179263,4945.821523930677,154,0.851915894,HighSchoolOrCollege,3
106,2066.7737105199117,4943.225138225304,306,0.700811306,Bachelors,3
107,-322.33161360663064,1859.8642843940092,206,0.357131296,HighSchoolOrCollege,0
108,-532.2489505367064,5229.883061527234,1195,0.098903572,HighSchoolOrCollege,1
109,-2607.270681970669,3055.5973831255787,649,0.290464519,HighSchoolOrCollege,0
110,-2630.6164748890433,3064.0675917101144,679,0.313305546,HighSchoolOrCollege,0
111,-2.201149572531972,3512.111273956546,1057,0.720330648,HighSchoolOrCollege,3
112,-1664.7143233539068,2058.9072198973454,26,0.646977694,Graduate,0
113,663.3720396817216,3786.540333108135,64,0.999233967,Graduate,3
114,1714.3338865616502,3405.8116548795947,148,0.413490065,Graduate,3
115,1714.3338865616502,3363.864233591916,191,0.57753282,HighSchoolOrCollege,3
116,-1555.0584159964715,2796.3338303291357,723,0.30282788,Graduate,0
117,-67.28527771284766,4514.923398245357,1034,0.760663448,Bachelors,1
118,-1547.0468829055117,2817.015853468676,794,0.140611532,Bachelors,0
119,1224.5522042797265,540.7795376053093,368,0.612907872,Graduate,0
120,860.9945667525155,1631.175142849736,307,0.876546337,HighSchoolOrCollege,0
121,-1406.9743418343592,896.4515376327631,31,0.41537229,HighSchoolOrCollege,0
122,-1452.2653397579181,2471.3675040326616,569,0.159723746,HighSchoolOrCollege,0
123,-3318.2481685138528,7599.189716477424,1690,0.118152103,HighSchoolOrCollege,2
124,-4584.719945687293,4739.946539702664,1733,0.14336634,Graduate,2
125,-2.201149572531972,3467.7464824486233,1231,0.150075471,Graduate,3
126,-207.44845187574333,5260.805527774772,1158,0.72895287,HighSchoolOrCollege,1
128,1603.441866432816,4025.5633312874506,281,0.718790546,Bachelors,3
129,1068.300420731133,1266.8599518512474,39,0.371183768,HighSchoolOrCollege,0
130,1175.0720102138607,1558.1560150626235,54,0.524660325,HighSchoolOrCollege,0
131,596.9577270734897,3757.22103720393,323,0.802929522,Bachelors,3
132,-456.33824767475664,1395.2821634910958,168,0.540291283,Graduate,0
133,-493.7268707520858,1395.2821634910958,297,0.551268581,HighSchoolOrCollege,0
134,-609.1483105484713,5120.376970751322,965,0.247000174,HighSchoolOrCollege,1
135,-450.65404881281165,1698.4870439776341,62,0.86081073,HighSchoolOrCollege,0
136,-698.2068467228966,1573.275050194495,312,0.555650922,Graduate,0
137,-207.84249740855012,5336.11805098548,914,0.87301128,HighSchoolOrCollege,1
138,1313.929347588717,4437.056256727496,209,0.732757238,HighSchoolOrCollege,3
139,1294.8797998333248,4462.162809061927,20,0.846097713,Bachelors,3
140,-2633.490867455981,6293.853486320795,1036,0.216307476,Bachelors,2
141,2222.694117829342,4594.880339745687,373,0.792161061,Bachelors,3
143,-490.42848485367756,5933.228355514893,1073,0.107753878,HighSchoolOrCollege,1
144,-1844.8861722131728,1645.3299966099307,52,0.444080663,HighSchoolOrCollege,0
145,-369.94252946578285,5263.7092311840615,906,0.882253016,HighSchoolOrCollege,1
146,1186.9602009739194,3164.371227730754,185,0.643761923,HighSchoolOrCollege,3
147,1671.2103741323417,3222.1061909778978,289,0.528698226,HighSchoolOrCollege,3
148,-2609.2856113067774,6308.698483863476,1076,0.266938991,Bachelors,2
149,-389.0222599771563,5271.565401557664,924,0.80654106,Bachelors,1
150,-609.1483105484713,5206.932844784338,1129,0.20807405,Bachelors,1
151,-631.70931394254,5149.228928762328,1157,0.159854965,Low,1
152,2119.566426939381,5333.491746286379,14,0.6089739,HighSchoolOrCollege,3
153,-1598.21244043112,1727.7262699483656,152,0.758079342,HighSchoolOrCollege,0
155,-469.82102227082703,5943.867019338775,1180,0.176618296,Graduate,1
156,810.2347020030995,406.6006228343067,184,0.466716971,HighSchoolOrCollege,0
157,-1285.2922463067762,3278.6449287620358,704,0.254005742,Graduate,0
158,1077.6979444315298,648.4427163702453,1,0.468930899,Graduate,0
159,-1220.2857220235774,3468.3200284965706,712,0.24297235,HighSchoolOrCollege,1
160,-1631.9916221192786,6069.547463099791,991,0.168095803,Bachelors,1
162,2488.0670182344566,4043.9132725302534,193,0.936659644,HighSchoolOrCollege,3
163,-1666.020644498376,6069.547463099791,992,0.225309113,HighSchoolOrCollege,1
164,607.6839706255785,2383.4941895708853,263,0.812453062,Graduate,0
165,588.4497540905923,3728.438009394122,147,0.964990249,Graduate,3
166,1066.5144835227188,676.0876893531632,171,0.627739055,Low,0
167,1366.2417429682478,4715.042752897177,137,0.846680285,HighSchoolOrCollege,3
168,1801.8258558068285,5166.503222823775,308,0.365595636,Graduate,3
169,-1352.9677515710423,2071.8671276366276,153,0.364391587,HighSchoolOrCollege,0
170,-2721.353174109782,6862.8612194660855,967,0.133248852,Bachelors,2
171,-1550.046162256439,5606.726708601213,1069,0.114389766,Low,1
172,-1938.2472218346602,1979.5064750943288,213,0.575001936,Graduate,0
173,-185.9292838076562,1611.8386125804955,180,0.78521373,Graduate,0
174,1309.4859527614321,3221.877213215748,203,0.718049535,Graduate,3
175,1784.5159809592985,3423.2709297455353,272,0.481863571,HighSchoolOrCollege,3
176,359.2567913319125,4138.105315267985,12,0.931237599,Graduate,3
177,2424.172931701708,5373.974229311336,189,0.495453274,HighSchoolOrCollege,3
178,573.0109209108848,1804.63524963616,30,0.725246226,Bachelors,0
179,53.139653304594646,1093.9774101968076,280,0.900831449,Bachelors,0
180,-185.9292838076562,1611.8386125804955,180,0.100777319,Low,0
181,1250.1855937282915,4900.7977692411405,126,0.787497465,HighSchoolOrCollege,3
182,1814.1135831871466,4467.798948828751,151,0.839659224,HighSchoolOrCollege,3
183,573.0109209108848,1804.63524963616,30,0.109940826,Graduate,0
184,1585.0218870416406,4034.334999464847,186,0.95269116,HighSchoolOrCollege,3
185,573.0109209108848,1804.63524963616,30,0.270514436,HighSchoolOrCollege,0
186,579.159003004695,1695.6403485424544,135,0.89222241,Graduate,0
187,579.159003004695,1695.6403485424544,135,0.207533138,Low,0
188,1300.191531615812,4736.919919969827,378,0.730336584,Bachelors,3
189,1300.191531615812,4736.919919969827,378,0.216100876,Graduate,3
190,1780.2174866687778,3286.2648681083224,161,0.61053033,Bachelors,3
191,1771.0196679998585,3327.219248047262,177,0.447070968,HighSchoolOrCollege,3
192,1300.191531615812,4736.919919969827,378,0.262612842,HighSchoolOrCollege,3
193,1585.0218870416406,4034.334999464847,299,0.976160413,Bachelors,3
194,1300.191531615812,4736.919919969827,378,0.162966636,Bachelors,3
195,1585.0218870416406,4034.334999464847,299,0.058702708,Graduate,3
196,1237.672759957125,509.5167099593709,216,0.360151845,Low,0
197,1273.5650927422346,3620.3684115523793,286,0.901982488,HighSchoolOrCollege,3
198,1585.0218870416406,4034.334999464847,299,0.321634269,Bachelors,3
199,1186.9602009739194,3164.371227730754,296,0.379086335,HighSchoolOrCollege,3
200,1585.0218870416406,4034.334999464847,299,0.122095522,Graduate,3
201,579.159003004695,1695.6403485424544,135,0.203183443,HighSchoolOrCollege,0
202,1275.8302520779328,4437.056256727496,362,0.985936814,HighSchoolOrCollege,3
203,-844.9094888728669,1637.234473188592,230,0.939180121,HighSchoolOrCollege,0
204,579.159003004695,1695.6403485424544,135,0.271944209,Low,0
205,-2741.9301309353727,6851.97126749714,1191,0.194899452,HighSchoolOrCollege,2
206,2466.0788073692256,5201.152719159174,84,0.365692745,HighSchoolOrCollege,3
207,-752.3428065881178,1648.402113854796,252,0.814611008,Bachelors,0
208,2259.3425408722505,5333.491746286379,59,0.371925591,HighSchoolOrCollege,3
209,-752.3428065881178,1648.402113854796,252,0.25635218,HighSchoolOrCollege,0
210,-417.1527159269059,1687.149635267406,233,0.857673439,Low,0
211,-752.3428065881178,1648.402113854796,252,0.214486332,Bachelors,0
212,1274.2715913565519,1163.5051209752276,9,0.748988452,HighSchoolOrCollege,0
213,1420.1639208310576,4930.580077677792,356,0.961066785,Bachelors,3
214,1420.1639208310576,4930.580077677792,356,0.300610569,HighSchoolOrCollege,3
215,1420.1639208310576,4930.580077677792,356,0.089838002,Bachelors,3
216,-752.3428065881178,1648.402113854796,252,0.153900625,HighSchoolOrCollege,0
217,589.7126864665483,3461.117029912494,80,0.948411855,HighSchoolOrCollege,3
218,131.2810672906894,4036.153564956029,953,0.971074532,HighSchoolOrCollege,3
219,1489.1363131755288,3323.1177012933736,174,0.955659284,HighSchoolOrCollege,3
220,588.1769004542509,1477.886760892753,181,0.79251329,Graduate,0
221,589.7126864665483,3461.117029912494,376,0.727868507,HighSchoolOrCollege,3
222,2219.8260684160687,4760.894146360397,127,0.617025806,HighSchoolOrCollege,3
223,582.9124582493545,1776.051722536382,346,0.700821194,Bachelors,0
224,1489.1363131755288,3323.1177012933736,174,0.28441375,Low,3
225,1489.1363131755288,3323.1177012933736,174,0.004829228,HighSchoolOrCollege,3
226,212.2553022725848,1303.9692542544997,107,0.965943386,Bachelors,0
227,-726.5390497675858,1381.9337094162383,72,0.490213553,HighSchoolOrCollege,0
228,589.7126864665483,3461.117029912494,376,0.168680628,Bachelors,3
229,588.1769004542509,1516.0341391439815,75,0.68602034,Bachelors,0
230,212.2553022725848,1303.9692542544997,107,0.004466007,Bachelors,0
231,-657.4419276597039,1584.005409368071,100,0.902213545,HighSchoolOrCollege,0
232,1209.9860453247898,4886.716681195225,235,0.96685839,HighSchoolOrCollege,3
233,588.1769004542509,1516.0341391439815,75,0.263283426,Graduate,0
234,-1776.287643757848,1691.4138204277806,214,0.332411556,Graduate,0
235,529.0336503746969,4425.668816338874,159,0.936585851,Graduate,3
236,529.0336503746969,4425.668816338874,159,0.10774033,Low,3
237,529.0336503746969,4425.668816338874,159,0.110877355,Graduate,3
238,588.1769004542509,1516.0341391439815,75,0.256101892,Low,0
239,223.3754341990981,1819.3960275496556,83,0.795405195,Low,0
240,2423.1213407945315,4360.755472811068,125,0.641752748,Graduate,3
241,588.1769004542509,1516.0341391439815,75,0.088547964,HighSchoolOrCollege,0
242,-713.3451653741274,6339.595899906177,1264,0.113248116,Graduate,1
243,1236.8571929820146,3263.0399509679964,327,0.662515201,HighSchoolOrCollege,3
244,2050.180926104707,4374.926623500649,69,0.969991586,HighSchoolOrCollege,3
245,1314.7768850305797,3620.3684115523793,261,0.859058201,Graduate,3
246,2153.389571449563,4760.551377277387,55,0.968768651,HighSchoolOrCollege,3
247,615.3098822064323,3201.003200456854,195,0.867500339,Low,3
248,1314.7768850305797,3620.3684115523793,261,0.287889236,Bachelors,3
249,1304.8852088806348,3526.737489827947,231,0.842954238,Graduate,3
250,1194.0937142886232,3263.0399509679964,331,0.627740735,HighSchoolOrCollege,3
251,7.0589743819342985,79.96163671849988,5,0.386580333,HighSchoolOrCollege,0
252,-1180.704739876141,2615.334435880475,702,0.564718074,HighSchoolOrCollege,0
253,-1303.2969263511116,2567.8791799505025,550,0.560328176,Graduate,0
254,-1666.020644498376,6069.547463099791,1026,0.17968177,Bachelors,1
255,-1662.4280260369487,3416.372256796572,824,0.852187763,HighSchoolOrCollege,1
257,-1373.4051503204873,2606.631642651834,600,0.405851044,HighSchoolOrCollege,0
258,-1761.149906110346,4050.736798379685,797,0.951577316,Bachelors,1
259,-1631.9916221192786,6106.479357390968,1141,0.19286307,HighSchoolOrCollege,1
260,-1220.8186625213898,3318.570415044307,645,0.33366576,Graduate,0
261,-1333.0886323717586,2688.886124497062,711,0.465652496,HighSchoolOrCollege,0
263,-4602.758597842296,7604.489701961552,1390,0.223825175,HighSchoolOrCollege,2
264,-4583.825739742862,7612.940521286146,1563,0.106440071,HighSchoolOrCollege,2
265,-4575.481963235348,7332.423051909529,1644,0.048044295,Bachelors,2
266,-1319.5426563934784,3722.2274220634836,463,0.972629863,Graduate,1
268,-4575.481963235348,7528.30370916249,1664,0.041170737,HighSchoolOrCollege,2
269,-1300.5005974065157,2680.4859984349114,719,0.36077235,HighSchoolOrCollege,0
270,-4613.959919638699,5136.6586014369295,1618,0.173976665,HighSchoolOrCollege,2
271,-2249.7800462578525,2506.043282990142,736,0.331893543,HighSchoolOrCollege,0
272,-1612.7659337843802,4735.182641334957,1031,0.669281126,HighSchoolOrCollege,1
273,-1863.614094415031,3489.744653848632,816,0.874083512,HighSchoolOrCollege,1
274,-2264.2549732775105,3108.3760483403476,741,0.79265137,HighSchoolOrCollege,0
275,-1917.968290838215,5797.276162062822,1153,0.173802734,HighSchoolOrCollege,1
276,-4500.939887921801,5116.566482675666,1438,0.107405002,Bachelors,2
277,-670.0361384681796,4866.766649665868,517,0.836787725,HighSchoolOrCollege,1
278,-4449.548264617071,5116.566482675666,1589,0.259541618,Bachelors,2
280,-2633.517834631224,6603.307584710206,1090,0.102762652,Bachelors,2
281,-2228.90222267179,2520.6679795653527,754,0.478284265,HighSchoolOrCollege,0
282,-2610.5184815063512,6618.97054327486,1244,0.109360456,HighSchoolOrCollege,2
283,-706.5287818001921,4880.471423292969,757,0.880967299,Graduate,1
284,-597.8866256478386,6029.0945634691525,1110,0.754293139,HighSchoolOrCollege,1
286,-1450.8738582961375,2691.5862913431774,496,0.476984055,HighSchoolOrCollege,0
287,-2487.390748387402,2608.1347987170006,713,0.599616007,HighSchoolOrCollege,0
289,-550.3361529454938,4886.6123103088385,510,0.955240694,Graduate,1
290,-571.7912026399204,6029.0945634691525,1056,0.271552097,Graduate,1
291,-2444.6349653089865,2576.3207448849457,717,0.370084679,Low,0
292,-567.7565018610546,4873.227525333588,514,0.686374918,Bachelors,1
293,-584.8389141438795,6072.416597485497,1251,0.126082302,HighSchoolOrCollege,1
294,-2521.191949079259,4569.7115339721695,485,0.847052228,HighSchoolOrCollege,1
295,-2466.012856848194,2592.227771800973,774,0.439355556,Graduate,0
296,-1449.2997831281382,2620.799821233879,488,0.548350934,Graduate,0
297,-4347.353246479461,7602.587584324485,1517,0.057905387,HighSchoolOrCollege,2
299,-2247.098703128385,2849.4522770820936,544,0.5149016,HighSchoolOrCollege,0
300,-4381.8091129409,7602.587584324485,1643,0.21434781,HighSchoolOrCollege,2
302,-4500.973447034674,4816.8881400610535,1389,0.254585434,HighSchoolOrCollege,2
303,-2194.538213274417,2838.0164709864057,694,0.543218407,Graduate,0
304,-4434.874589912966,7542.97976303824,1557,0.183595892,HighSchoolOrCollege,2
305,-546.7183538958213,4791.255480725052,579,0.84325552,Bachelors,1
306,-4434.874589912966,7503.549114210993,1621,0.260386143,HighSchoolOrCollege,2
307,-2361.3242679569444,4522.880476844184,457,0.962210067,Graduate,1
308,-3660.2646170373177,5706.288268656919,921,0.172405182,HighSchoolOrCollege,2
309,-3062.2884042311425,6023.397685584292,946,0.125682773,HighSchoolOrCollege,2
310,-3663.4136697448293,4812.3758241414525,950,0.061286668,HighSchoolOrCollege,2
311,-2521.191949079259,4549.89263507646,671,0.699020662,HighSchoolOrCollege,1
312,-2386.1537768899043,5877.001177988991,971,0.260798961,HighSchoolOrCollege,2
313,-3663.4136697448293,4812.3758241414525,1011,0.093271632,Low,2
314,-2448.4459957627114,2975.182377746389,655,0.633335142,HighSchoolOrCollege,0
315,-3610.0936121106943,5654.560913915973,1078,0.287666416,Graduate,2
316,-1803.506193612398,5850.647195738124,1143,0.175386489,HighSchoolOrCollege,1
317,-2373.5445644684123,2884.610915897236,677,0.494087429,Low,0
318,-2465.778672973931,3056.814237716957,733,0.473772081,HighSchoolOrCollege,0
319,-3341.984083186051,5587.368657736281,1185,0.253614379,Low,2
320,-567.7565018610546,4873.227525333588,826,0.477539156,Bachelors,1
321,-1966.195146296298,4552.187553862719,609,0.842877969,Graduate,1
322,-2492.5233206370804,4559.8020845243145,685,0.650831243,HighSchoolOrCollege,1
323,-1623.6231276171884,4781.304436867264,1102,0.757226712,Graduate,1
324,-3610.0936121106943,5706.288268656919,1188,0.122182828,HighSchoolOrCollege,2
325,-1196.5570261244097,3078.852116162034,729,0.480441948,HighSchoolOrCollege,0
326,-1251.1994497922349,3058.3861538128076,775,0.654885921,Bachelors,0
327,-3663.4136697448293,4812.3758241414525,1278,0.228872071,HighSchoolOrCollege,2
328,-1109.3214248131821,3017.7174656996385,815,0.346047608,Low,0
329,-1638.4312298944653,5992.041051046559,994,0.085267909,Bachelors,1
330,-1698.0079892149288,3783.0793495919233,464,0.7738118,Graduate,1
331,-1109.3214248131821,2986.5257156326306,823,0.417763616,Graduate,0
332,-1550.2078167200907,5934.3151642728735,1006,0.323175901,Bachelors,1
333,-1528.1519634264969,5948.746635966295,1205,0.299174844,Bachelors,1
334,-4193.842844934759,5815.668581309632,1489,0.103185768,Bachelors,2
335,-4256.478683484973,5801.734568216811,1554,0.328727521,Graduate,2
336,-1226.0335983358684,2995.2562131754303,468,0.600454813,Graduate,0
337,-4593.803238940883,4837.0293414946,1486,0.108965479,Graduate,2
338,-1069.4421383111785,3492.2812374050454,491,0.713809975,HighSchoolOrCollege,1
339,-4516.502623981289,7428.746803754581,1505,0.21098913,Bachelors,2
340,-4586.097776446638,4815.025253428146,1566,0.034283769,Graduate,2
341,-4201.0204402863965,4891.392283841669,1588,0.227355255,HighSchoolOrCollege,2
342,-1202.908077992538,2978.8932789786945,737,0.584828154,HighSchoolOrCollege,0
343,-3393.061110989168,7157.163565368814,1657,0.029688855,Bachelors,2
344,-4586.097776446638,4815.025253428146,1691,0.025541228,HighSchoolOrCollege,2
345,-1226.0335983358684,2995.2562131754303,814,0.464569175,Bachelors,0
347,-4201.0204402863965,4891.392283841669,1696,0.270904553,Bachelors,2
348,-1130.8113181627405,2817.328059404481,480,0.573738776,HighSchoolOrCollege,0
349,-1199.851719928422,2909.326175390639,675,0.51011746,HighSchoolOrCollege,0
350,-1190.9491044172587,2889.1141360057463,703,0.517999111,Graduate,0
351,-3368.163022869141,7165.251937314562,1712,0.269322751,Bachelors,2
353,-1199.851719928422,2909.326175390639,776,0.34088384,Low,0
354,-3393.061110989168,7157.163565368814,1725,0.21035075,Low,2
355,-1966.195146296298,4552.187553862719,819,0.735837586,Graduate,1
357,-1064.1345147856075,2409.7445517137694,543,0.536520661,Graduate,0
358,-1585.6848283952213,3810.988683375015,806,0.969014671,HighSchoolOrCollege,1
359,-2442.952276836617,3161.863690138648,594,0.757990018,HighSchoolOrCollege,0
360,-1027.45559945573,2422.599034226613,768,0.41088011,HighSchoolOrCollege,0
361,-3893.849676459249,7448.4341724081205,1411,0.299050559,Low,2
362,-2266.1994348898033,5027.490832966176,695,0.753234813,HighSchoolOrCollege,1
363,-1930.8400219491632,2773.773585205633,481,0.404476978,Graduate,0
364,-3313.834575184353,7410.998461783006,1586,0.253379525,HighSchoolOrCollege,2
365,-1957.8963016478324,2793.8979650545516,652,0.438986616,Low,0
366,-3313.834575184353,7323.2818465817845,1637,0.138808298,HighSchoolOrCollege,2
367,-3323.451449057451,7432.927615583311,1641,0.13664462,HighSchoolOrCollege,2
368,-4349.886551736498,7552.880411073998,1607,0.039923482,Graduate,2
369,-4300.938975440952,7416.998596554109,1617,0.139040705,HighSchoolOrCollege,2
370,-1982.343484428326,4572.902176340196,556,0.70247421,Bachelors,1
371,-1069.4421383111785,3492.2812374050454,664,0.371688755,HighSchoolOrCollege,1
372,-1420.7869686231338,5982.023394905787,1010,0.986983183,Bachelors,1
373,-2004.8176912164604,4771.621672470582,963,0.979407864,Graduate,1
374,-2209.3483931863348,3160.245994531182,595,0.85417223,HighSchoolOrCollege,0
375,-4499.445899819149,4977.450007835247,1415,0.184734538,HighSchoolOrCollege,2
376,-4520.133614133648,4895.949941161112,1449,0.141162784,HighSchoolOrCollege,2
377,-4437.382756875654,4895.949941161112,1465,0.035335186,Graduate,2
378,-550.3361529454938,4886.6123103088385,755,0.991810222,HighSchoolOrCollege,1
379,-3374.45498044692,5196.629217472029,1268,0.061959185,HighSchoolOrCollege,2
381,-1939.8587818487194,2793.8979650545516,818,0.621188126,HighSchoolOrCollege,0
385,-1183.7067920410168,2715.4569198432737,740,0.569018722,HighSchoolOrCollege,0
386,-2390.2693221306254,4701.931451956684,489,0.479804894,Graduate,1
387,-2158.723146778084,2602.884683527168,788,0.401545108,HighSchoolOrCollege,0
388,-2297.9045965194864,5027.490832966176,596,0.687759804,Graduate,1
389,-1456.4473384721596,2423.7874457685994,512,0.596117189,Graduate,0
390,-1717.6586980925804,3761.569088727875,487,0.76530714,Bachelors,1
391,-2741.9301309353727,6851.97126749714,947,0.140477262,Low,2
393,-2361.3242679569444,4581.945695704893,511,0.909124868,HighSchoolOrCollege,1
394,-2451.331027750198,2519.041052065685,710,0.52722067,HighSchoolOrCollege,0
395,-760.5535637706074,4468.744216019293,505,0.675097131,Graduate,1
396,-1125.4321453611485,4009.136028156402,454,0.364809779,Bachelors,1
397,-1257.0083898790026,3232.233437428542,780,0.396967817,HighSchoolOrCollege,0
398,-2339.722927122974,3100.5339090063185,551,0.963462391,Bachelors,0
399,-694.1547645624357,6329.574564276278,1105,0.082643442,HighSchoolOrCollege,1
400,-2361.3242679569444,4522.880476844184,752,0.512379139,HighSchoolOrCollege,1
401,-713.3451653741274,6339.595899906177,1132,0.264710804,HighSchoolOrCollege,1
402,-694.1547645624357,6329.574564276278,1200,0.674497947,HighSchoolOrCollege,1
403,-1469.2464226435823,2634.3880196178034,603,0.884407261,Bachelors,0
404,-2721.353174109782,6862.8612194660855,1206,0.230962551,Low,2
405,-1222.4019020583357,2383.629318537573,541,0.617829242,HighSchoolOrCollege,0
408,-1399.3214530094099,4670.082592855952,903,0.794096009,Bachelors,1
409,-1613.0453946609055,3631.1979621903865,547,0.645271398,Graduate,1
410,-4540.795251794218,6999.394029243442,1405,0.175733331,HighSchoolOrCollege,2
411,-1547.0468829055117,2817.015853468676,705,0.507728111,HighSchoolOrCollege,0
412,-1619.5281702008401,5602.343050264481,1047,0.662852559,HighSchoolOrCollege,1
413,-4124.442934465811,7422.81158954829,1608,0.106292289,Graduate,2
414,-4097.077996668109,7409.520667070145,1729,0.171319189,HighSchoolOrCollege,2
415,-4151.807872263513,7409.520667070145,1732,0.128459971,HighSchoolOrCollege,2
416,-1613.0453946609055,3631.1979621903865,720,0.370202736,Bachelors,1
417,-1678.3572803372772,3804.5896104559715,640,0.695894652,HighSchoolOrCollege,1
418,-1051.0481186469929,3607.5400815960147,542,0.976850716,HighSchoolOrCollege,1
419,-1529.7536120168543,5663.496583772971,1025,0.622118277,Low,1
420,1304.8852088806348,3526.737489827947,231,0.085672033,HighSchoolOrCollege,3
421,-1223.8782379583222,3068.6191349874207,802,0.517662469,Bachelors,0
422,-1130.8113181627405,2900.180320263278,524,0.647441392,Graduate,0
423,1314.7768850305797,3620.3684115523793,261,0.132465984,HighSchoolOrCollege,3
424,-1671.5231308437487,4095.9521638112146,527,0.723576465,HighSchoolOrCollege,1
425,-1065.8108589501398,2920.893385477977,562,0.334417031,HighSchoolOrCollege,0
426,-2477.8425329732463,2500.334944268336,452,0.469702696,Graduate,0
427,-562.0139696412994,4810.950875794059,616,0.916735753,Bachelors,1
428,1314.7768850305797,3620.3684115523793,261,0.09631243,HighSchoolOrCollege,3
429,-653.2021646681048,6393.714859328378,1182,0.059265966,Graduate,1
430,-2297.9045965194864,5003.11609000739,561,0.949453894,HighSchoolOrCollege,1
431,-2361.0324727249485,2426.631425790066,523,0.420302416,HighSchoolOrCollege,0
432,-2352.640562507578,2865.632371963492,809,0.981851015,Bachelors,0
433,-1662.1497492873168,5616.28437419331,1189,9.85E-04,Bachelors,1
434,-1431.0835359962373,2412.5176676963006,747,0.618031654,Bachelors,0
435,-2266.1994348898033,5003.11609000739,519,0.725281643,Low,1
436,-1671.5231308437487,4055.4745297955787,570,0.949412047,HighSchoolOrCollege,1
437,-1287.0236360976435,3232.233437428542,608,0.450502705,HighSchoolOrCollege,0
438,-1197.4724705160024,2392.859100125612,497,0.63736647,Graduate,0
439,-1111.2507784205893,4393.2694155714635,601,0.930702522,HighSchoolOrCollege,1
440,-1695.1255136348232,5715.107685335772,1051,0.049076886,HighSchoolOrCollege,1
441,-2012.5619210105062,4956.647375350605,622,0.800759302,HighSchoolOrCollege,1
442,-2607.270681970669,3055.5973831255787,592,0.523649971,Bachelors,0
443,-1490.5412378949272,5089.588539738686,952,0.758121962,HighSchoolOrCollege,1
444,-1734.997283668829,5715.107685335772,1215,0.048951659,Graduate,1
445,-1555.0584159964715,2796.3338303291357,660,0.496667064,Bachelors,0
446,-2617.6002439678923,6871.402310205484,959,0.154285175,Graduate,2
447,-1569.3371584531474,4735.182641334957,1083,0.689153128,Graduate,1
448,-1175.487046953433,4477.73471232868,575,0.924288993,Graduate,1
449,-1623.7057594946937,3655.180302582578,748,0.392066569,Graduate,1
450,-2375.9834059072964,2529.9591391952954,456,0.504323829,HighSchoolOrCollege,0
451,-1175.487046953433,4477.73471232868,575,0.164418633,HighSchoolOrCollege,1
452,-550.3361529454938,4886.6123103088385,807,0.742684694,HighSchoolOrCollege,1
453,-1391.7476936810656,4649.690187496199,970,0.811967182,HighSchoolOrCollege,1
454,-2617.6002439678923,6871.402310205484,1181,0.249578287,Bachelors,2
455,-2642.646377498224,6878.9617101747945,1250,0.158418515,HighSchoolOrCollege,2
456,-2356.219940220357,4905.065772221811,465,0.685091778,HighSchoolOrCollege,1
457,-602.0069144191575,6302.006900901817,913,0.151671229,HighSchoolOrCollege,1
458,-3307.201970027637,7807.902106279754,1496,0.312528351,HighSchoolOrCollege,2
459,-1432.1866950238887,2490.8868534433077,520,0.344762529,Bachelors,0
460,-2357.3881506490807,5012.334824560589,620,0.969102133,Bachelors,1
461,-2357.3881506490807,5012.334824560589,620,0.302215803,Bachelors,1
462,-1698.0079892149288,3783.0793495919233,651,0.773790326,Low,1
463,-1308.782036561594,3296.1784824962406,453,0.353252364,Graduate,0
464,-1972.0560983405658,4803.101299622459,1209,0.923037343,Graduate,1
465,-1972.0560983405658,4803.101299622459,1209,0.329111154,HighSchoolOrCollege,1
466,-1845.1054225181472,6223.628607476944,1120,0.191165293,HighSchoolOrCollege,1
467,-1231.8320891955063,3500.083956993789,494,0.586290946,HighSchoolOrCollege,1
468,-1180.704739876141,2563.522481673344,638,0.45189519,HighSchoolOrCollege,0
469,-1359.3835055266122,2619.549130218945,795,0.554244414,Bachelors,0
470,-2492.5233206370804,4559.8020845243145,471,0.679944615,HighSchoolOrCollege,1
471,-2492.5233206370804,4559.8020845243145,471,0.039582663,Graduate,1
472,-1512.6811722117868,3871.1981672739585,590,0.941687305,Graduate,1
473,-1206.5527313280495,3302.6974923643133,827,0.614071428,Bachelors,0
474,-2492.5233206370804,4559.8020845243145,471,0.088574034,Graduate,1
475,-1827.5889154431457,6213.014624731367,1156,0.237641609,Graduate,1
476,-2426.29869133411,6222.441129147122,1179,0.094335508,HighSchoolOrCollege,2
477,-1300.5005974065157,2680.4859984349114,538,0.383485068,HighSchoolOrCollege,0
478,-1300.5005974065157,2697.286250559213,800,0.495874155,Bachelors,0
479,-1734.4191929334997,3692.7597946110614,680,0.753570226,HighSchoolOrCollege,1
480,-2401.058309657752,6214.165374816003,1194,0.211241597,HighSchoolOrCollege,2
481,-2466.012856848194,2592.227771800973,458,0.563457797,Low,0
482,-1845.1054225181472,6223.628607476944,1272,0.012329643,HighSchoolOrCollege,1
483,-615.3610400980101,6219.202532754804,989,0.209746249,Graduate,1
484,-1474.1997386620997,3883.465862416033,509,0.936547208,Bachelors,1
485,-2469.018345585734,6775.141769759931,1023,0.24042683,Low,2
486,-2625.1240507745365,6221.370149286384,945,0.02038719,Low,2
487,-1429.353143612694,2580.035226082107,687,0.471347147,Bachelors,0
488,-1790.0333207747115,3740.314890371082,700,0.770104322,HighSchoolOrCollege,1
489,-2642.93180920579,6722.574294868897,1235,0.107608661,Bachelors,2
490,-511.6638983353841,6049.269942635663,1009,0.008404856,HighSchoolOrCollege,1
491,-1998.4918225603542,4552.187553862719,813,0.843920569,Bachelors,1
492,-2194.538213274417,2838.0164709864057,470,0.364100624,Bachelors,0
493,-2247.098703128385,2826.5806648907183,574,0.641308283,Bachelors,0
494,-1998.4918225603542,4552.187553862719,813,0.149860389,HighSchoolOrCollege,1
495,-1302.4820872610612,3512.059329801013,718,0.478280008,HighSchoolOrCollege,1
496,-1998.4918225603542,4552.187553862719,813,0.145298865,HighSchoolOrCollege,1
497,-823.7363210152198,5537.173528462925,1122,0.906250776,HighSchoolOrCollege,1
498,-2251.0632903770074,2782.763358650397,812,0.653874654,HighSchoolOrCollege,0
499,-4584.368731486514,7155.9069636684535,1388,0.494442294,Graduate,2
500,-89.32987721731169,3506.898418268879,988,0.239743189,HighSchoolOrCollege,3
501,-1746.4028129882463,3671.8773570744124,715,0.895202266,Bachelors,1
502,-2523.1520452086224,3056.814237716957,451,0.597042481,HighSchoolOrCollege,0
503,-1601.6432530219968,3794.37476375718,515,0.892482505,HighSchoolOrCollege,1
504,-4427.797589566513,7054.325309150965,1448,0.108711953,HighSchoolOrCollege,2
505,-1343.386064771534,5973.348172541604,1040,0.466477753,HighSchoolOrCollege,1
506,-2642.646377498224,6878.9617101747945,979,0.602514117,Graduate,2
507,-4360.129321835155,7227.9622308273465,1597,0.293051648,Low,2
508,-1112.661584948115,3725.721049240871,557,0.87972655,HighSchoolOrCollege,1
511,-4511.231401030014,5065.876199195559,1652,0.173537994,HighSchoolOrCollege,2
513,-4242.735828860157,5081.3865615235845,1497,0.306487271,HighSchoolOrCollege,2
515,-1827.5889154431457,6213.014624731367,1265,0.41490899,HighSchoolOrCollege,1
516,-2426.29869133411,6222.441129147122,1276,0.369711957,HighSchoolOrCollege,2
517,-2521.2597617842057,6807.092075811003,1104,0.460451549,HighSchoolOrCollege,2
518,-2521.2597617842057,6775.141769759931,1227,0.379599106,HighSchoolOrCollege,2
519,-2990.840351165739,6119.660750810392,1112,0.974802854,HighSchoolOrCollege,2
520,-4258.580996603396,5064.105567084209,1723,0.154725513,Bachelors,2
521,-1730.4047988627738,6267.150262561382,920,0.477456741,HighSchoolOrCollege,1
522,-3250.453564031748,7818.903748934763,1475,0.277699434,Low,2
524,-4568.814577541565,5046.631478745841,1386,0.262933648,Bachelors,2
525,-4588.300400643255,4984.4571367891385,1581,0.01017311,HighSchoolOrCollege,2
527,-2990.840351165739,5982.126020632107,980,0.543392106,HighSchoolOrCollege,2
528,-4432.458431321647,4635.60733054454,1376,0.008329855,HighSchoolOrCollege,2
529,-2642.93180920579,6805.712475473836,923,0.568405413,Graduate,2
530,-511.6638983353841,6179.954587182383,1114,0.585489943,HighSchoolOrCollege,1
531,-4432.458431321647,4635.60733054454,1546,0.134122197,HighSchoolOrCollege,2
532,-3266.5793492043804,7755.314857560063,1667,0.303479796,Graduate,2
533,-1664.8873845475905,6169.220169851887,949,0.504013735,HighSchoolOrCollege,1
534,-4093.0097943044816,6481.1265029823135,1531,0.298257944,Bachelors,2
535,-1645.3753259700366,6183.963719673016,1133,0.428775106,Bachelors,1
536,-4161.3549714993205,7351.021406601507,1623,0.137689076,HighSchoolOrCollege,2
537,-2297.9045965194864,4929.991861131035,697,0.969868254,HighSchoolOrCollege,1
538,-1625.8632673924826,6198.707269494145,1218,0.617029061,Bachelors,1
540,-320.0839236943364,3603.0707659966456,948,0.820897579,Bachelors,1
542,-4161.3549714993205,7302.650118466236,1677,0.149424876,Bachelors,2
543,-470.07226392738164,5254.480460709678,983,0.557004306,HighSchoolOrCollege,1
544,-1730.5657970349366,6085.754816817689,1214,0.574526753,Bachelors,1
545,-532.2489505367064,5202.508753265422,1260,0.632529807,HighSchoolOrCollege,1
546,-4227.336286275546,5374.572809539084,1434,0.061282494,Bachelors,2
547,-4133.06096860814,5289.4813671957,1692,0.065619544,Bachelors,2
548,-4584.368731486514,7155.9069636684535,1426,0.061410383,Bachelors,2
549,-4576.104565512134,7136.203574822169,1555,0.211903193,HighSchoolOrCollege,2
550,33.054785041364894,3467.7464824486233,942,0.420901962,HighSchoolOrCollege,3
551,33.054785041364894,3467.7464824486233,1091,0.492572167,Graduate,3
552,-4584.368731486514,7155.9069636684535,1632,0.057542458,Graduate,2
554,-54.60842551946594,5328.444832535462,1233,0.551760119,HighSchoolOrCollege,1
555,15.49164600866518,5243.946538390235,1109,0.604777434,HighSchoolOrCollege,1
556,-490.42848485367756,5933.228355514893,1238,0.626384882,HighSchoolOrCollege,1
557,-1649.0061333088274,6088.013410245379,936,0.540412762,HighSchoolOrCollege,1
559,-1292.4459832673115,3550.9715000949054,793,0.684335696,Bachelors,1
560,-4233.8201965357175,7326.64230223635,1429,0.240288209,HighSchoolOrCollege,2
561,-4243.5046303855,7229.10887560154,1631,0.24858955,HighSchoolOrCollege,2
562,-4586.9431311742255,7246.7904683381175,1440,0.329193948,Bachelors,2
563,-140.15955565775582,3603.0707659966456,943,0.970166283,Bachelors,3
564,-1734.4191929334997,3692.7597946110614,782,0.842958885,Bachelors,1
565,-3399.31453406964,6006.532233055757,1095,0.906449778,Bachelors,2
566,-1631.9916221192786,6106.479357390968,993,0.401423701,HighSchoolOrCollege,1
569,-1649.0061333088274,6088.013410245379,999,0.650812395,HighSchoolOrCollege,1
570,-506.5675166764355,5634.864588708617,1100,0.539205582,Bachelors,1
571,-506.5675166764355,5743.523632998128,1137,0.36821258,HighSchoolOrCollege,1
573,-2104.405193411366,3667.258808232208,459,0.978406157,Graduate,1
576,1417.1760566368287,3332.468498865699,38,0.968722072,Graduate,3
578,-4226.071872137537,5496.583118168994,1473,0.98284777,Bachelors,2
579,-1612.7659337843802,4919.669823464181,974,0.768714853,Bachelors,1
581,-497.9172402093433,5662.029349780994,1184,0.417992624,Graduate,1
582,-95.17846364861066,3562.7527670847094,951,0.468741471,HighSchoolOrCollege,3
583,-369.94252946578285,5263.7092311840615,958,0.568154176,Graduate,1
584,-4431.323604919651,4695.8403940366825,1659,0.130737765,Bachelors,2
585,-4124.780262092645,5743.086391053597,1462,0.265413241,Bachelors,2
586,-4124.780262092645,5660.153645236451,1519,0.008705951,HighSchoolOrCollege,2
587,-389.0222599771563,5271.565401557664,1149,0.444743825,HighSchoolOrCollege,1
588,-369.94252946578285,5263.7092311840615,1154,0.412038273,HighSchoolOrCollege,1
590,-1873.321906160364,5782.470763252524,907,0.448569158,HighSchoolOrCollege,1
591,-4344.452303596164,6594.347107643116,1549,0.263048698,Bachelors,2
592,-4136.182027840223,5680.886831690737,1627,0.22126511,Graduate,2
593,-4113.378496345067,5680.886831690737,1638,0.919710751,HighSchoolOrCollege,2
594,-4136.182027840223,5639.420458782164,1703,0.278112333,Graduate,2
596,-3006.1304692527756,6136.852592082678,1242,0.967555161,Graduate,2
597,-1962.6146755160657,5797.276162062822,997,0.408345757,HighSchoolOrCollege,1
598,-1613.0453946609055,3631.1979621903865,756,0.171959185,HighSchoolOrCollege,1
600,-2856.115258780107,6604.438451924698,1012,0.791591163,Bachelors,2
601,-1828.6755214825132,5797.276162062822,1150,0.585843678,HighSchoolOrCollege,1
606,-1739.3827521268113,5767.665364442226,1178,0.370138058,HighSchoolOrCollege,1
607,-2610.5184815063512,6587.644626145553,990,0.370246957,HighSchoolOrCollege,2
608,-2610.5184815063512,6618.97054327486,1041,0.358497175,HighSchoolOrCollege,2
609,-1623.7057594946937,3655.180302582578,769,0.213011118,Bachelors,1
610,-165.5999331295073,5260.805527774772,1103,0.526105544,Graduate,1
612,-1613.0453946609055,3631.1979621903865,801,0.034839253,Bachelors,1
613,-207.44845187574333,5214.852253865081,1201,0.541632245,HighSchoolOrCollege,1
614,-1412.1080502898594,2510.406202853954,777,0.059062573,HighSchoolOrCollege,0
616,-4616.8276422669405,4697.617539507538,1700,0.544782269,HighSchoolOrCollege,2
618,-3538.2315355629644,7162.6002932874835,1361,0.089915241,HighSchoolOrCollege,2
619,-3581.037298689358,7172.023379646174,1414,0.025245948,HighSchoolOrCollege,2
620,-2.201149572531972,3467.7464824486233,995,0.673541165,Bachelors,3
622,-63.68896675059665,4868.689584138492,1000,0.719188185,Bachelors,1
623,-3922.626876156967,7282.4185261867715,1458,0.576129491,HighSchoolOrCollege,2
624,-618.0650589155872,4087.839076893465,1101,0.916163673,Bachelors,1
625,-3875.1436726401644,7236.8015838257925,1490,0.604580267,HighSchoolOrCollege,2
626,-244.62194757234778,4440.110454026924,1131,0.793880506,Bachelors,1
627,-3875.1436726401644,7282.4185261867715,1524,0.26189132,Bachelors,2
630,-165.5999331295073,5260.805527774772,1245,0.653881117,Bachelors,1
631,-3863.2728717609634,7248.205819416037,1528,0.217949026,HighSchoolOrCollege,2
632,-3922.626876156967,7282.4185261867715,1602,0.243164359,Bachelors,2
633,-2079.137145156913,3650.6106929224743,479,0.227976736,Graduate,1
635,-694.1547645624357,6329.574564276278,962,0.447001762,Graduate,1
636,-2264.2549732775105,3056.506102149513,735,0.104168464,HighSchoolOrCollege,0
637,-713.3451653741274,6339.595899906177,1055,0.573248725,Bachelors,1
638,472.7222347079784,2221.8192620668133,104,0.221999544,HighSchoolOrCollege,0
640,-567.7565018610546,4873.227525333588,784,0.686982312,Bachelors,1
642,110.29459020492618,509.20279882430367,105,0.261732596,HighSchoolOrCollege,0
644,110.29459020492618,509.20279882430367,139,0.130781968,HighSchoolOrCollege,0
645,501.0400177552985,2280.4328579134835,219,0.134078822,Graduate,0
646,-3366.122556039276,5214.924087026799,1046,0.962520694,Graduate,2
648,-1531.1328847088653,5597.244219744858,1173,0.634994302,Bachelors,1
649,-4602.758597842296,7604.489701961552,1499,0.042960665,HighSchoolOrCollege,2
650,-3134.7739074608485,6298.465427429669,1371,0.846974117,Graduate,2
651,-1613.469903775158,1032.3722168864751,241,0.047571871,HighSchoolOrCollege,0
652,-2178.2066967713,4808.476104745122,792,0.665307968,Bachelors,1
654,260.06975944481036,4793.8028444771135,1224,0.872069831,Bachelors,3
656,-1626.6176882627205,998.2348446235967,282,0.315950154,Bachelors,0
659,-105.6973505118205,3807.476197674914,1199,0.741834688,Graduate,3
660,-582.399123195597,6378.2793775134405,908,0.354910317,Bachelors,1
661,-1996.5258614462555,3094.371038681449,614,0.056860736,HighSchoolOrCollege,0
662,-4584.344494183642,7365.069828118356,1625,0.038611164,Graduate,2
664,-4593.207025131936,7528.30370916249,1679,0.270124892,HighSchoolOrCollege,2
665,-4405.993716340956,4838.595589589593,1573,0.172855291,HighSchoolOrCollege,2
666,-1359.3835055266122,2567.8791799505025,461,0.328627654,Bachelors,0
667,-1289.2752815572362,2580.796667517613,763,0.037996177,HighSchoolOrCollege,0
669,-1359.3835055266122,2567.8791799505025,781,0.183180758,HighSchoolOrCollege,0
671,-3609.9478165908977,7352.163997449594,1564,0.270624129,HighSchoolOrCollege,2
672,-1664.8873845475905,6169.220169851887,1177,0.470322266,Bachelors,1
673,-4576.104565512134,7136.203574822169,1404,0.051798314,Low,2
674,-565.5506282661323,5229.883061527234,1092,0.543992757,HighSchoolOrCollege,1
675,12.631829182070042,5340.500579439835,1249,0.545251458,HighSchoolOrCollege,1
676,-4576.104565512134,7136.203574822169,1484,0.068612756,HighSchoolOrCollege,2
677,-4584.368731486514,7155.9069636684535,1534,0.137446199,HighSchoolOrCollege,2
678,-3660.2646170373177,5654.560913915973,1020,0.90601112,Bachelors,2
679,-3071.594004654063,6045.059000833063,1079,0.980481087,Graduate,2
680,-4586.9431311742255,7246.7904683381175,1541,0.141341978,Low,2
681,-620.4288122455057,5178.080886773333,964,0.440943662,HighSchoolOrCollege,1
682,-631.70931394254,5235.784802795344,1108,0.392351739,HighSchoolOrCollege,1
683,-4586.9431311742255,7246.7904683381175,1722,0.241410497,Graduate,2
684,23.631407644464858,5219.167319082662,1126,0.411069142,Graduate,1
685,15.49164600866518,5243.946538390235,1187,0.599260494,Bachelors,1
686,-597.8866256478386,6050.755580477325,1134,0.786524128,Bachelors,1
687,-2988.093633573976,6391.621713056678,1027,0.954361914,HighSchoolOrCollege,2
688,-389.0222599771563,5271.565401557664,1024,0.434048369,HighSchoolOrCollege,1
689,-369.94252946578285,5263.7092311840615,1082,0.42355875,Bachelors,1
690,-3401.8347864707885,4817.964611036156,1145,0.467859308,Low,2
691,-3375.994636611187,4809.663590611068,1275,0.609420425,Graduate,2
692,353.46630938349324,5036.394910300052,1142,0.560883015,Graduate,3
693,345.06266211374634,5055.5261801554925,1152,0.402956862,HighSchoolOrCollege,3
694,-2633.517834631224,6603.307584710206,904,0.391601344,HighSchoolOrCollege,2
695,-2656.517187756097,6618.97054327486,1064,0.54286479,Bachelors,2
696,-217.91058156230235,5249.317209297349,1202,0.452363587,Bachelors,1
697,-1292.276742397422,5841.29533162773,1210,0.976239224,HighSchoolOrCollege,1
698,-2610.5184815063512,6587.644626145553,1170,0.674877675,Bachelors,2
699,-2610.5184815063512,6587.644626145553,1170,0.055989127,HighSchoolOrCollege,2
700,-2956.769624297317,6391.621713056678,1144,0.907301342,HighSchoolOrCollege,2
701,-584.8389141438795,6072.416597485497,1013,0.440877016,HighSchoolOrCollege,1
702,-2610.5184815063512,6587.644626145553,1170,0.288396985,Bachelors,2
703,-183.39469999911827,5328.335829851048,901,0.609793327,HighSchoolOrCollege,1
704,-667.0948413013051,6006.316308944972,1273,0.746716458,HighSchoolOrCollege,1
705,-2297.9584517280755,4779.708385897831,628,0.692283941,HighSchoolOrCollege,1
706,-2106.2859009537306,5797.207128796289,918,0.404529522,HighSchoolOrCollege,1
707,-2610.5184815063512,6587.644626145553,1170,0.275811473,HighSchoolOrCollege,2
708,-3610.0936121106943,5706.288268656919,935,0.570765537,HighSchoolOrCollege,2
709,-3268.8986156548335,7641.3645045801995,1585,0.100837923,HighSchoolOrCollege,2
710,-3318.2481685138528,7641.3645045801995,1600,0.324954076,Bachelors,2
711,-667.0948413013051,6034.319915116856,1246,0.942801579,Bachelors,1
712,-667.0948413013051,6034.319915116856,1246,0.325503058,HighSchoolOrCollege,1
713,-667.0948413013051,6034.319915116856,1246,0.11885355,Bachelors,1
714,-754.3492553560491,5537.173528462925,1159,0.905015948,Graduate,1
715,-183.39469999911827,5328.335829851048,941,0.373642689,Graduate,1
716,-754.3492553560491,5537.173528462925,1159,0.132319548,Bachelors,1
717,-667.0948413013051,6034.319915116856,1246,0.318139199,HighSchoolOrCollege,1
718,-463.3161343409744,5770.688394070507,1176,0.839634412,Graduate,1
719,-3374.45498044692,5196.629217472029,972,0.960391982,Low,2
720,-1215.1257814052028,3636.771970334341,615,0.930475595,Graduate,1
721,-463.3161343409744,5770.688394070507,1176,0.232407811,Bachelors,1
722,-1460.0928628397612,5982.023394905787,969,0.634111119,HighSchoolOrCollege,1
723,-463.3161343409744,5770.688394070507,1176,0.315916767,HighSchoolOrCollege,1
724,-4584.719945687293,4739.946539702664,1675,0.241785645,Low,2
725,-2128.4087303669476,5789.668072350837,1014,0.624709649,HighSchoolOrCollege,1
726,-1782.807125874992,5841.088755296831,1037,0.502901494,HighSchoolOrCollege,1
727,-3331.684761000044,5561.706680953195,1203,0.945430646,Bachelors,2
728,-4583.825739742862,7612.940521286146,1459,0.037220396,Low,2
729,-2386.1537768899043,5877.001177988991,1086,0.465075787,HighSchoolOrCollege,2
730,-1112.661584948115,3805.031831293623,506,0.748473896,HighSchoolOrCollege,1
731,-3663.4136697448293,4812.3758241414525,1096,0.619208795,Bachelors,2
732,-4593.207025131936,7397.716604327183,1629,0.240042805,Graduate,2
733,-4593.207025131936,7463.010156744836,1640,0.298490597,Low,2
734,-2054.4877584392607,5863.511699319407,1098,0.522010625,Bachelors,1
735,-4359.956232976078,4838.595589589593,1420,0.063256748,Low,2
736,-4449.548264617071,5116.566482675666,1481,0.130649539,HighSchoolOrCollege,2
737,-771.5730523385232,5378.048731270377,1183,0.933937799,Bachelors,1
738,-3663.4136697448293,4812.3758241414525,1111,0.879171582,Bachelors,2
739,-1550.2078167200907,5992.041051046559,984,0.68222841,HighSchoolOrCollege,1
740,-1469.919336393918,5996.044905792193,1160,0.409040073,HighSchoolOrCollege,1
741,-771.5730523385232,5378.048731270377,1183,0.187180439,HighSchoolOrCollege,1
742,-4449.548264617071,5150.9355218222845,1485,0.091096884,HighSchoolOrCollege,2
743,-4500.939887921801,5116.566482675666,1578,0.077442954,Bachelors,2
744,-1528.1519634264969,5919.883692579452,1045,0.447644949,HighSchoolOrCollege,1
745,-4485.176712325218,7602.587584324485,1510,0.10382656,HighSchoolOrCollege,2
746,-1295.437477582791,5959.376057438587,957,0.588102942,HighSchoolOrCollege,1
747,-4312.897380018021,7624.273340801388,1537,0.066469676,HighSchoolOrCollege,2
748,-2988.093633573976,6301.231944801589,1093,0.874661744,Graduate,2
749,-2988.093633573976,6301.231944801589,1093,0.017790641,HighSchoolOrCollege,2
750,-2988.093633573976,6301.231944801589,1093,0.262320121,Bachelors,2
751,-798.8628411816139,3713.558009663553,1019,0.77217008,Graduate,1
752,-365.06501570348155,3616.510098967291,1052,0.736149674,Graduate,1
753,-1367.3603583659055,5980.334230093113,1223,0.339503386,Bachelors,1
754,-2988.093633573976,6301.231944801589,1093,0.17565975,Bachelors,2
755,-2990.840351165739,6050.89338572125,1164,0.414137953,HighSchoolOrCollege,2
758,-3578.519490320632,7317.286291979784,1569,2.04E-04,HighSchoolOrCollege,2
759,-3998.5977761677677,6552.870791611558,1431,0.880468848,Graduate,2
763,-4322.6246669923985,5063.426279452253,1645,0.338259596,Graduate,2
764,938.0734960743036,2479.2746287383034,366,0.12564865,HighSchoolOrCollege,3
765,-3922.184935930726,5655.636275798803,1384,0.740682908,Graduate,2
766,-4322.6246669923985,5063.426279452253,1682,0.573952621,HighSchoolOrCollege,2
767,-1934.0445115651764,783.8901202563607,41,0.268937352,HighSchoolOrCollege,0
769,1471.614073384596,3419.399761740284,277,0.289569911,Graduate,3
770,-4028.1451432319127,6563.13915343977,1502,0.623466515,Bachelors,2
772,-4411.7126526365555,4644.449348411632,1634,0.806871224,Graduate,2
775,-3998.5977761677677,6552.870791611558,1714,0.453217413,HighSchoolOrCollege,2
776,-1206.5527313280495,3302.6974923643133,478,0.321067111,Bachelors,0
777,-1223.284282151744,3932.790230938864,476,0.112504967,HighSchoolOrCollege,1
778,-3387.1360810753495,7420.454434171537,1560,0.449689991,HighSchoolOrCollege,2
779,1562.957383872136,3260.773730909349,370,0.193751151,HighSchoolOrCollege,3
781,-517.6567145846232,1675.8122265571778,23,0.1411042,HighSchoolOrCollege,0
782,-183.39469999911827,5328.335829851048,1139,0.834580963,Bachelors,1
783,-4312.897380018021,7602.587584324485,1727,0.377309384,HighSchoolOrCollege,2
784,-3787.2835058194933,7444.296955675183,1596,0.517238511,HighSchoolOrCollege,2
786,-584.6593803564347,1653.1374091367215,42,0.001365799,HighSchoolOrCollege,0
787,210.1736674123727,875.8050257714918,124,0.14514474,HighSchoolOrCollege,0
788,-3765.991924163507,7453.379751992392,1606,0.415138085,HighSchoolOrCollege,2
795,-4481.2224437813875,4834.3030347512395,1574,0.517422334,HighSchoolOrCollege,2
796,-4463.741301356779,7068.071620530996,1412,0.430036143,HighSchoolOrCollege,2
797,-1219.3575332548498,3387.294219472372,584,0.665923892,HighSchoolOrCollege,0
798,163.05876545525672,4036.153564956029,1167,0.96008167,Bachelors,3
800,1407.6656151449383,3490.8932244227935,132,0.027591944,Graduate,3
801,-4499.6850131470455,7081.817931911028,1656,0.490190335,Graduate,2
803,-1671.9194260679508,3427.2910956350943,691,0.217382928,HighSchoolOrCollege,1
804,-3319.0105229119213,7516.249751634658,1587,0.468583888,HighSchoolOrCollege,2
805,-1633.9538259439432,3427.2910956350943,725,0.328587955,HighSchoolOrCollege,1
807,429.89792875971733,2384.9383099256006,198,0.033479552,HighSchoolOrCollege,0
809,-4507.177101861951,7503.549114210993,1428,0.457280127,HighSchoolOrCollege,2
810,-1025.4630206407976,1458.3944579281979,236,0.144875993,HighSchoolOrCollege,0
811,-2249.7800462578525,2506.043282990142,486,0.030335914,Graduate,0
812,-4507.177101861951,7542.97976303824,1530,0.619525261,HighSchoolOrCollege,2
813,-2270.6578698439153,2491.4185864149313,627,0.539387528,HighSchoolOrCollege,0
814,-4416.7989619257205,7503.549114210993,1685,0.44174758,Bachelors,2
815,-1610.5223443543068,2813.367518665328,500,0.521630433,HighSchoolOrCollege,0
819,-1344.716090820415,3889.9316368179843,576,0.283066289,Graduate,1
820,-1004.6554635101361,3073.949548440335,672,0.065357535,Bachelors,0
821,1810.3718590599055,5143.560776617284,56,0.053564289,HighSchoolOrCollege,3
822,618.624018010996,419.60786747728764,166,0.202769644,HighSchoolOrCollege,0
823,1749.5557672904667,5173.115168698089,176,0.269842118,Graduate,3
826,-4574.579557760531,7091.464803636176,1470,0.610736625,Graduate,2
829,1749.5557672904667,5318.390261574644,178,0.280151127,HighSchoolOrCollege,3
830,1236.8571929820146,3223.993525125278,326,0.152431791,Bachelors,3
833,-528.2968919760641,4692.663312867456,552,0.139770688,HighSchoolOrCollege,1
835,-3958.4276880307434,5655.636275798803,1456,0.957400017,Bachelors,2
836,-1472.3230756694177,2683.7530180975455,678,0.201801545,HighSchoolOrCollege,0
837,-1328.614452264042,2191.428689360829,221,0.048428984,HighSchoolOrCollege,0
838,669.5108365380436,3276.917186613041,351,0.221489156,Bachelors,3
840,-4588.788594815711,7076.2404077290485,1616,0.469113963,Bachelors,2
841,-3193.7051580358593,7829.905391589771,1666,0.655361489,Graduate,2
843,-3622.6363633423503,5693.356429971683,1135,0.683850663,Bachelors,2
844,-4574.579557760531,7091.464803636176,1670,0.659909909,Bachelors,2
845,-2025.813803104962,1958.7809422263379,53,0.234712133,HighSchoolOrCollege,0
848,-4130.202984857153,6891.30453948321,1432,0.633519504,Graduate,2
849,-667.0948413013051,6006.316308944972,1044,0.828259584,Bachelors,1
850,-4130.202984857153,6891.30453948321,1469,0.631431974,Bachelors,2
851,-4052.8109206458794,5505.969150083777,1400,0.677712189,Graduate,2
852,-1683.4605388305554,5609.313712228895,1127,0.30005276,HighSchoolOrCollege,1
854,332.4271144442423,799.1239162888926,46,0.042899175,Bachelors,0
857,-4138.639971743418,5464.111535592655,1393,0.853049624,Bachelors,2
861,-3867.6898916994483,7163.711898319493,1501,0.332054621,Bachelors,2
863,-4074.268183420264,5516.433553706558,1427,0.807449064,Bachelors,2
865,-1015.4410351677366,3017.7174656996385,605,0.115098336,HighSchoolOrCollege,0
866,-3769.266951831868,6831.602100053783,1686,0.997670843,Bachelors,2
868,607.4422584943111,2897.2122199187506,372,0.38081745,HighSchoolOrCollege,3
869,-4228.134177787675,7056.028133578915,1672,0.495487226,Graduate,2
870,-3769.266951831868,6737.769624697127,1540,0.820903516,Bachelors,2
871,-1223.8782379583222,3068.6191349874207,726,0.067887485,Graduate,0
873,-1083.485265163434,3068.2882291896303,751,0.282834314,Bachelors,0
874,-3868.7887302507797,5408.24732835292,1702,0.891019925,Graduate,2
877,-4201.0204402863965,4891.392283841669,1358,0.573668238,Bachelors,2
878,-4586.097776446638,4815.025253428146,1365,0.337456142,Bachelors,2
879,-4593.803238940883,4837.0293414946,1674,0.353813394,Bachelors,2
880,-799.3152793914082,1344.339855881131,240,0.021946709,Bachelors,0
881,-3330.5855567286076,7588.646019451729,1731,0.889292896,Bachelors,2
882,2019.6978881201785,5313.8750965461,142,0.20389365,Graduate,3
888,-3284.983953565058,7301.352692781479,1523,0.643407835,Graduate,2
889,-12.938059864070794,46.52518871810904,334,0.126644557,Bachelors,0
890,-3769.266951831868,6643.9371493404715,1378,0.875200368,Graduate,2
891,-3323.451449057451,7389.069307982701,1544,0.554827306,Graduate,2
893,-4151.756519130573,6975.810493637413,1710,0.540411016,Graduate,2
894,-4106.504459734156,6975.810493637413,1718,0.550025961,Bachelors,2
895,-4349.886551736498,7416.998596554109,1547,0.628664697,Bachelors,2
898,-4331.460329246782,5005.224481340949,1583,0.486920328,Graduate,2
899,-4292.475664341306,5005.224481340949,1660,0.544405537,Graduate,2
903,-1202.908077992538,3011.6191473721665,564,0.210131243,Bachelors,0
904,-1616.0766221036315,5663.496583772971,916,0.161994033,Bachelors,1
905,-3810.4546170358453,7158.25513746027,1380,0.533005979,Bachelors,2
906,-3071.594004654063,6045.059000833063,1230,0.930669564,Bachelors,2
908,-3775.920688442221,7170.700773430399,1520,0.598767089,Bachelors,2
910,-3764.409378911013,7158.25513746027,1687,0.652990074,Bachelors,2
912,-4079.8422350651927,5075.71588841395,1379,0.933377794,Graduate,2
913,-1715.061398651826,5699.066136769006,922,2.65E-04,Bachelors,1
914,2231.8918158524557,4564.949488328515,19,0.405713393,Graduate,3
915,-3286.069076202844,6620.496821973378,1394,0.992351674,Bachelors,2
916,-1117.8112263202204,2920.893385477977,709,0.784906863,Bachelors,0
917,-3775.920688442221,7170.700773430399,1688,0.431612119,Bachelors,2
918,-1395.0105726976412,3810.919525268514,598,0.230593991,Graduate,1
921,-4160.0972345178025,5474.575939215436,1576,0.931029947,Bachelors,2
922,-1438.8897024785804,3828.5821530680487,779,0.046984156,Bachelors,1
926,-365.06501570348155,3616.510098967291,1052,0.185717667,HighSchoolOrCollege,1
927,-365.06501570348155,3616.510098967291,1052,0.093249599,Bachelors,1
928,-3244.688142210003,7225.400418177696,1352,0.445184451,Bachelors,2
929,-3267.9265412308396,6628.086768527013,1450,0.777990984,HighSchoolOrCollege,2
930,-365.06501570348155,3616.510098967291,1052,0.203002706,HighSchoolOrCollege,1
931,-3584.169647008888,5886.074291586372,1038,0.88226691,HighSchoolOrCollege,2
932,-3203.833411679996,7213.180296940709,1444,0.522667054,HighSchoolOrCollege,2
933,-4520.72445028796,4799.4732453708675,1553,0.097293702,HighSchoolOrCollege,2
934,-733.4490637682554,1291.7750705612282,18,0.536881382,Graduate,0
935,-4481.2224437813875,4799.4732453708675,1593,0.441937538,HighSchoolOrCollege,2
936,-3319.0105229119213,7516.249751634658,1363,0.235105787,Bachelors,2
937,-3311.1496739275576,7541.831722834495,1436,0.240105908,Bachelors,2
938,-3006.1304692527756,5999.317861904392,1186,0.679262409,HighSchoolOrCollege,2
939,-4095.0099242924625,5237.604744039539,1561,0.880292697,Low,2
940,-3286.069076202844,6620.496821973378,1513,0.807027625,Bachelors,2
941,-3267.9265412308396,6628.086768527013,1545,0.840828509,Bachelors,2
942,-3800.1266909618967,6429.993027987555,1487,0.715480626,Bachelors,2
943,-4201.0204402863965,4891.392283841669,1366,0.449546034,Bachelors,2
944,2115.8452080908246,4063.6161001643227,47,0.660069967,Graduate,3
945,-3422.256915733257,6029.603573653008,1221,0.819895146,Bachelors,2
946,-3286.069076202844,6620.496821973378,1513,0.010975349,HighSchoolOrCollege,2
947,-1482.9006353258396,978.7361235112637,155,0.116646459,HighSchoolOrCollege,0
948,327.21180331687873,4749.996807884298,1074,0.880591759,Graduate,3
949,-3393.061110989168,7157.163565368814,1454,0.380395715,HighSchoolOrCollege,2
950,2191.451754179263,5018.857189580738,250,0.131920315,Bachelors,3
951,-3225.8933312424388,6396.09664632048,1711,0.932155545,Bachelors,2
952,2179.5103652880916,5037.116105993253,256,0.148548085,HighSchoolOrCollege,3
953,427.9248691249813,4739.045298736094,1256,0.846871205,Graduate,3
954,-3393.061110989168,7157.163565368814,1515,0.556397418,Bachelors,2
955,-1473.1756324816884,954.9226790202229,314,0.305318637,Graduate,0
956,-1692.8163360659346,1826.6295508653525,94,0.217082066,Graduate,0
957,-3867.255165438025,7440.728021402516,1443,0.549042649,HighSchoolOrCollege,2
958,820.2880333847281,335.2976113816195,70,0.301470597,Bachelors,0
959,-3284.983953565058,7301.352692781479,1706,0.349445327,HighSchoolOrCollege,2
960,-480.6166872751588,5770.688394070507,1257,0.570251922,Low,1
961,-418.9564517321169,1758.1706991335109,265,0.91308015,Graduate,0
962,-3399.6239274729933,7315.793402301746,1464,0.890386981,Bachelors,2
963,-418.9564517321169,1758.1706991335109,265,0.132914203,HighSchoolOrCollege,0
964,-4349.886551736498,7507.586472900703,1478,0.455351665,HighSchoolOrCollege,2
965,-418.9564517321169,1758.1706991335109,265,0.258533986,HighSchoolOrCollege,0
966,-418.9564517321169,1758.1706991335109,265,0.119913514,Low,0
967,-4048.4366726678795,5179.71407381679,1661,0.950638773,HighSchoolOrCollege,2
968,-4208.9329983659945,5557.091112268996,1419,0.982251017,HighSchoolOrCollege,2
969,-1504.9375535551637,1889.1871542928043,156,0.172802708,Bachelors,0
970,690.5162379978467,335.2976113816195,377,0.129766383,HighSchoolOrCollege,0
971,2408.901432879168,4047.7974224702016,49,0.159548434,HighSchoolOrCollege,3
972,-4292.475664341306,4902.454727302533,1409,0.360847428,HighSchoolOrCollege,2
973,2211.1188040814286,5274.6845577950235,95,0.274541862,Bachelors,3
974,-4214.50633453035,5005.224481340949,1609,0.345104613,Bachelors,2
975,-1772.763515447367,2625.349838476126,618,0.086367063,HighSchoolOrCollege,0
976,-1801.9631496004336,2614.45432059058,825,0.077140899,Bachelors,0
977,-4416.695042561156,4977.450007835247,1407,0.502257508,Bachelors,2
978,-4434.422104212888,7428.9951763507015,1416,0.398379338,HighSchoolOrCollege,2
979,-4449.8840082154675,7416.02161258647,1472,0.357706459,HighSchoolOrCollege,2
980,-4338.252772636635,7217.675876721237,1395,0.548974082,HighSchoolOrCollege,2
981,-4588.300400643255,4984.4571367891385,1724,0.458594873,HighSchoolOrCollege,2
982,1243.5288423672143,1540.866730285462,144,0.098639485,Bachelors,0
983,1251.8007432813702,1567.863619897268,341,0.21831518,Graduate,0
984,-1601.6432530219968,3794.37476375718,791,0.969600048,Low,1
985,-2048.731216510155,2751.3759024529922,531,0.198499294,HighSchoolOrCollege,0
986,-2026.5345554650667,2779.600187452389,821,0.301652515,Bachelors,0
987,-2358.870709199079,2590.634907170782,621,0.182773504,Bachelors,0
988,-2376.131696641821,2575.003822761773,722,0.315707809,HighSchoolOrCollege,0
989,-4307.515858505396,6659.270436138345,1435,0.659934449,HighSchoolOrCollege,2
990,-3473.6445011407923,6520.033588957131,1514,0.833977506,HighSchoolOrCollege,2
991,-1077.2836471302037,3465.1605771882532,688,0.970492609,Low,1
992,1044.708962788913,438.75125116862,175,0.280018247,Bachelors,0
993,733.3292645996678,2093.8026404265943,13,0.905125735,Graduate,0
994,-3554.4323779079987,6514.242848380338,1579,0.932521377,HighSchoolOrCollege,2
995,-4115.283920203475,7302.650118466236,1612,0.444802157,HighSchoolOrCollege,2
996,-4126.8016830274355,7363.114228635324,1713,0.572648773,HighSchoolOrCollege,2
997,-1843.935512637856,3481.309980988731,607,0.128853966,Graduate,1
998,-4240.854188191495,5326.456347742023,1374,0.335018383,Bachelors,2
999,2114.934830274308,5099.799243827387,51,0.254432893,Bachelors,3
1000,141.3756574117688,799.1239162888926,345,0.983012498,Graduate,0
1001,930.4769772794355,2579.157628965904,275,0.043433461,Graduate,3
1002,-2252.3844558787523,2675.0897967409323,528,0.323610205,HighSchoolOrCollege,0
1003,-4254.372090107446,5254.281655046432,1538,0.336785107,HighSchoolOrCollege,2
1004,-2464.4070029457907,3264.934956124254,460,0.070626542,HighSchoolOrCollege,0
1005,-4167.108228026315,5249.200826571999,1558,0.356881322,Bachelors,2
1006,-4227.336286275546,5302.398116843493,1633,0.639268458,HighSchoolOrCollege,2
1007,-3969.0504091036228,6563.13915343977,1620,0.934347783,HighSchoolOrCollege,2
1008,-2158.723146778084,2525.141681242502,525,0.163721028,Graduate,0
1009,-2366.8125352782386,4880.767219945067,663,0.828330134,Low,1
1010,-2114.6474042009013,2602.884683527168,597,0.17538799,HighSchoolOrCollege,0
