id,csvName,xValue,yValue,clusterId
0,Schools.csv,-376.7505037,1607.984321,0
450,Schools.csv,-2597.447677,3194.154753,0
900,Schools.csv,-2539.158404,6556.032318,2
1350,Schools.csv,-4701.462929,5141.762936,2
445,Restaurants.csv,631.5130723,2001.477203,0
446,Restaurants.csv,413.8400007,1194.128694,0
447,Restaurants.csv,497.9967937,1624.515148,0
448,Restaurants.csv,698.2411159,4392.416668,3
449,Restaurants.csv,1407.71077,4010.457482,3
895,Restaurants.csv,-1623.074059,3872.030011,1
896,Restaurants.csv,-2126.172394,4285.182228,1
897,Restaurants.csv,-1989.635264,3368.764838,1
898,Restaurants.csv,-1771.452217,4343.580177,1
899,Restaurants.csv,-820.9290279,4497.243309,1
1345,Restaurants.csv,-1176.80133,5846.647124,1
1346,Restaurants.csv,-3529.558387,4809.641128,2
1347,Restaurants.csv,-1221.40511,4941.003384,1
1348,Restaurants.csv,-508.1269104,6307.584421,1
1349,Restaurants.csv,-1176.698906,4726.1176,1
1801,Restaurants.csv,-3136.127896,6671.917462,2
1802,Restaurants.csv,-4002.933531,6671.996711,2
1803,Restaurants.csv,-3182.885941,7167.608699,2
1804,Restaurants.csv,-4131.414092,7236.525633,2
1805,Restaurants.csv,-3927.91024,5494.639627,2
442,Pubs.csv,964.4380232,3991.603474,3
443,Pubs.csv,1809.880173,4339.172426,3
444,Pubs.csv,770.4279044,932.5852003,0
892,Pubs.csv,-1524.957321,3815.27149,1
893,Pubs.csv,-1608.766411,3886.492478,1
894,Pubs.csv,-1702.537816,3865.477091,1
1342,Pubs.csv,-260.4574705,5026.150804,1
1343,Pubs.csv,-501.4267606,3551.572639,1
1344,Pubs.csv,-225.9209866,3878.053698,1
1798,Pubs.csv,-3209.738139,6487.657688,2
1799,Pubs.csv,-3903.194076,5967.836984,2
1800,Pubs.csv,-3796.119851,6367.922073,2
379,Employers.csv,-1849.997168,1744.601015,0
380,Employers.csv,41.51783768,418.72648,0
381,Employers.csv,877.2786575,1358.544181,0
382,Employers.csv,670.39874,1584.474346,0
383,Employers.csv,829.9556783,2163.480305,0
384,Employers.csv,880.1644882,4339.701656,3
385,Employers.csv,231.1388453,1095.647179,0
386,Employers.csv,-1349.884229,1610.462363,0
387,Employers.csv,864.938201,1556.39728,0
388,Employers.csv,611.8427227,2550.725018,0
389,Employers.csv,1749.107723,4023.659853,3
390,Employers.csv,994.4462621,3762.365428,3
391,Employers.csv,609.8156412,787.4692665,0
392,Employers.csv,-885.296614,1555.976495,0
393,Employers.csv,903.96911,4220.741538,3
394,Employers.csv,865.149409,982.7393732,0
395,Employers.csv,286.5863278,1725.599925,0
396,Employers.csv,868.9021104,4390.340745,3
397,Employers.csv,1499.320477,4304.553084,3
398,Employers.csv,754.0987512,1394.050063,0
399,Employers.csv,1626.361733,4226.189406,3
400,Employers.csv,753.1769059,1739.395852,0
401,Employers.csv,-1674.863,1638.152059,0
402,Employers.csv,1004.115267,4462.540163,3
403,Employers.csv,2026.399957,4142.402774,3
404,Employers.csv,2630,4050,3
405,Employers.csv,1535.411174,4021.741043,3
406,Employers.csv,973.237419,3805.640411,3
407,Employers.csv,1105.263066,3730.801103,3
408,Employers.csv,412.9860809,1033.180603,0
409,Employers.csv,1207.490101,4007.885706,3
410,Employers.csv,1376.397651,4822.779543,3
411,Employers.csv,916.9315425,4292.958507,3
412,Employers.csv,496.2476569,1686.15245,0
413,Employers.csv,917.1190166,2102.895038,0
414,Employers.csv,-82.06554016,1511.112955,0
415,Employers.csv,1496.445613,4021.741043,3
416,Employers.csv,507.3181022,1381.677443,0
417,Employers.csv,-903.1271422,1570.767995,0
418,Employers.csv,789.6213749,1269.872915,0
419,Employers.csv,660.2070252,3532.331326,3
420,Employers.csv,1677.414572,4234.689308,3
421,Employers.csv,813.0476801,4199.837242,3
422,Employers.csv,1273.434409,1252.930095,0
423,Employers.csv,650.4125959,1744.506247,0
424,Employers.csv,39.59877121,1259.774222,0
425,Employers.csv,-328.8906021,1795.107912,0
426,Employers.csv,-904.232532,1335.950648,0
427,Employers.csv,-885.296614,1555.976495,0
428,Employers.csv,1174.55999,3684.551569,3
429,Employers.csv,715.9086691,4418.132191,3
430,Employers.csv,707.1111665,2001.477203,0
431,Employers.csv,-294.3549631,1795.107912,0
432,Employers.csv,991.3270591,4100.917175,3
433,Employers.csv,318.9497075,1033.180603,0
434,Employers.csv,800.6342599,4103.165164,3
435,Employers.csv,1122.744816,4383.06697,3
436,Employers.csv,1376.397651,4861.346259,3
437,Employers.csv,660.2070252,3610.994567,3
438,Employers.csv,2130.28125,4828.020412,3
439,Employers.csv,585.221688,3622.718044,3
440,Employers.csv,448.7991399,4328.781743,3
441,Employers.csv,-81.95690432,1423.077479,0
829,Employers.csv,-1683.978829,4166.345957,1
830,Employers.csv,-804.6120047,5042.016376,1
831,Employers.csv,-2200.279973,3572.469314,1
832,Employers.csv,-831.9562922,4676.408941,1
833,Employers.csv,-1967.825891,4299.950272,1
834,Employers.csv,-2380.139485,2944.720457,0
835,Employers.csv,-2101.689511,4262.490673,1
836,Employers.csv,-692.982537,4950.223259,1
837,Employers.csv,-2236.826321,5274.275381,1
838,Employers.csv,-1403.810345,4457.264332,1
839,Employers.csv,-1567.708266,4491.262409,1
840,Employers.csv,-1771.452217,4258.263944,1
841,Employers.csv,-1771.452217,4386.238293,1
842,Employers.csv,-692.7127197,5040.338833,1
843,Employers.csv,-2330.4223,2944.720457,0
844,Employers.csv,-836.7192151,4482.040751,1
845,Employers.csv,-2363.141932,2673.880812,0
846,Employers.csv,-996.7808288,4750.184044,1
847,Employers.csv,-1680.936253,4258.263944,1
848,Employers.csv,-468.0294813,4779.92139,1
849,Employers.csv,-2231.667935,2598.72879,0
850,Employers.csv,-2364.178808,5198.195715,1
851,Employers.csv,-1398.395714,4280.029147,1
852,Employers.csv,-820.4751468,4770.301636,1
853,Employers.csv,-811.6790008,4695.717947,1
854,Employers.csv,-2107.065566,4184.06154,1
855,Employers.csv,-784.6236528,4940.690749,1
856,Employers.csv,-468.0294813,4846.264155,1
857,Employers.csv,-1096.08397,4912.223246,1
858,Employers.csv,-1072.871077,4660.493954,1
859,Employers.csv,-1684.567984,3880.071128,1
860,Employers.csv,-836.8537841,4575.535706,1
861,Employers.csv,-2235.29224,5106.718129,1
862,Employers.csv,-1475.358048,4473.948599,1
863,Employers.csv,-1967.825891,4254.251068,1
864,Employers.csv,-1885.188601,4569.085198,1
865,Employers.csv,-1968.21993,4032.689325,1
866,Employers.csv,-1496.971337,4493.171613,1
867,Employers.csv,-1903.26917,4549.780196,1
868,Employers.csv,-1982.785008,4381.550831,1
869,Employers.csv,-855.2484275,4593.770198,1
870,Employers.csv,-1499.904326,4258.263944,1
871,Employers.csv,-2202.659452,3456.928319,1
872,Employers.csv,-2202.659452,3327.781753,1
873,Employers.csv,-2000.303221,4184.06154,1
874,Employers.csv,-1985.985052,4683.882031,1
875,Employers.csv,-981.7218379,4774.377841,1
876,Employers.csv,-1670.937274,4186.622203,1
877,Employers.csv,-1784.078473,4571.813634,1
878,Employers.csv,-1104.681087,4468.58151,1
879,Employers.csv,-2198.79273,4271.178583,1
880,Employers.csv,-2330.4223,2982.861013,0
881,Employers.csv,-911.0190489,4853.786159,1
882,Employers.csv,-1241.648347,3722.018042,1
883,Employers.csv,-2148.436842,5261.788713,1
884,Employers.csv,-1968.21993,3886.91527,1
885,Employers.csv,-2195.763294,5124.807852,1
886,Employers.csv,-784.6236528,4863.668067,1
887,Employers.csv,-1590.604526,4166.991588,1
888,Employers.csv,-1034.462982,3711.302623,1
889,Employers.csv,-1590.42029,4258.263944,1
890,Employers.csv,-2240.491394,5198.567602,1
891,Employers.csv,-1089.988902,4455.822342,1
1279,Employers.csv,-654.0366979,3632.076065,1
1280,Employers.csv,-501.4267606,3608.072271,1
1281,Employers.csv,-250.1025076,4857.006484,1
1282,Employers.csv,-746.02978,4008.34528,1
1283,Employers.csv,-2909.028214,6510.130399,2
1284,Employers.csv,-746.1058381,5429.550548,1
1285,Employers.csv,170.7469404,4771.135721,3
1286,Employers.csv,-2724.188038,6717.649857,2
1287,Employers.csv,-5.816781981,3582.204933,3
1288,Employers.csv,-657.7838584,5932.813698,1
1289,Employers.csv,-3528.306825,4886.547525,2
1290,Employers.csv,-625.2259567,4283.435088,1
1291,Employers.csv,-2010.851771,5283.764927,1
1292,Employers.csv,-170.8422876,3790.738781,3
1293,Employers.csv,-1912.666745,5288.500067,1
1294,Employers.csv,-580.0171766,5936.726442,1
1295,Employers.csv,-831.1509971,4313.035927,1
1296,Employers.csv,-826.245654,5240.884422,1
1297,Employers.csv,-3255.070596,5479.411781,2
1298,Employers.csv,-3569.215605,4903.192505,2
1299,Employers.csv,-769.6207629,3991.942912,1
1300,Employers.csv,-251.5520077,4701.616285,1
1301,Employers.csv,-2847.855611,6663.900855,2
1302,Employers.csv,-3532.341731,5586.896701,2
1303,Employers.csv,-173.3643482,3690.962126,3
1304,Employers.csv,-3325.575418,5307.883074,2
1305,Employers.csv,-416.1482587,5854.826834,1
1306,Employers.csv,-643.7038074,5917.381045,1
1307,Employers.csv,-711.2265333,3649.718386,1
1308,Employers.csv,-580.0171766,5936.726442,1
1309,Employers.csv,-3048.226902,6283.814828,2
1310,Employers.csv,-3061.666267,5929.835547,2
1311,Employers.csv,-1730.461618,5925.860203,1
1312,Employers.csv,-271.3160304,4985.57464,1
1313,Employers.csv,-276.6683005,5125.990452,1
1314,Employers.csv,-3366.855921,5265.17373,2
1315,Employers.csv,-1275.013259,5248.064077,1
1316,Employers.csv,447.7528813,4446.320032,3
1317,Employers.csv,-2616.480027,6541.191812,2
1318,Employers.csv,-525.2895731,4289.093107,1
1319,Employers.csv,-3366.855921,5307.883074,2
1320,Employers.csv,-840.6753278,5842.41532,1
1321,Employers.csv,-2616.480027,6497.734086,2
1322,Employers.csv,-1506.20624,4764.893777,1
1323,Employers.csv,-3079.47326,6283.814828,2
1324,Employers.csv,-525.2260085,4093.343372,1
1325,Employers.csv,-3565.181908,6099.396254,2
1326,Employers.csv,-3385.917143,6106.353934,2
1327,Employers.csv,-671.8639095,5917.381045,1
1328,Employers.csv,-3044.648008,5950.665941,2
1329,Employers.csv,-3149.90341,5907.346101,2
1330,Employers.csv,-344.8772446,3683.020262,1
1331,Employers.csv,-129.4060069,3983.301589,1
1332,Employers.csv,-749.8180736,5847.491402,1
1333,Employers.csv,-1936.177243,5280.458797,1
1334,Employers.csv,-2992.288271,6202.617103,2
1335,Employers.csv,-459.4741676,3608.072271,1
1336,Employers.csv,-746.1058381,5478.005757,1
1337,Employers.csv,-2488.00186,5885.734088,2
1338,Employers.csv,-86.78279549,4702.886441,1
1339,Employers.csv,-3257.56351,5415.033051,2
1340,Employers.csv,-633.2986927,5354.847863,1
1341,Employers.csv,-1033.176736,5766.179874,1
1734,Employers.csv,-3480.170404,6856.274228,2
1735,Employers.csv,-3837.636675,5492.869111,2
1736,Employers.csv,-3588.879287,6178.752204,2
1737,Employers.csv,-4153.336134,5376.423146,2
1738,Employers.csv,-3796.119851,6367.922073,2
1739,Employers.csv,-3873.963875,5651.680013,2
1740,Employers.csv,-3819.339545,5136.90597,2
1741,Employers.csv,-3707.08228,5086.911896,2
1742,Employers.csv,-3297.406406,7156.152299,2
1743,Employers.csv,-3748.376634,5264.252683,2
1744,Employers.csv,-3588.324219,6798.416765,2
1745,Employers.csv,-3209.738139,6557.838945,2
1746,Employers.csv,-3973.097905,5154.380353,2
1747,Employers.csv,-3697.997084,5406.876829,2
1748,Employers.csv,-3098.599453,6628.672912,2
1749,Employers.csv,-3221.240287,6153.955276,2
1750,Employers.csv,-3285.634007,6326.229707,2
1751,Employers.csv,-4515.907604,4631.612407,2
1752,Employers.csv,-3845.045733,5576.738358,2
1753,Employers.csv,-3472.308586,6781.22018,2
1754,Employers.csv,-3455.755867,6846.648091,2
1755,Employers.csv,-3433.386544,7828.196053,2
1756,Employers.csv,-3556.818289,6641.646724,2
1757,Employers.csv,-3741.432303,5162.439642,2
1758,Employers.csv,-3742.540065,5916.875247,2
1759,Employers.csv,-3699.851967,6540.218682,2
1760,Employers.csv,-3210.35546,6648.152455,2
1761,Employers.csv,-3804.319468,5928.891714,2
1762,Employers.csv,-3195.710698,6669.514454,2
1763,Employers.csv,-3136.127896,6628.672912,2
1764,Employers.csv,-3233.073169,6116.185086,2
1765,Employers.csv,-3556.818289,6705.310448,2
1766,Employers.csv,-3209.738139,6522.748317,2
1767,Employers.csv,-3972.030607,5494.639627,2
1768,Employers.csv,-3837.722151,6367.922073,2
1769,Employers.csv,-3864.510743,5591.096495,2
1770,Employers.csv,-3796.119851,6330.79319,2
1771,Employers.csv,-3724.878042,6559.417348,2
1772,Employers.csv,-4067.560405,6647.483016,2
1773,Employers.csv,-3823.492464,5777.219752,2
1774,Employers.csv,-3448.941076,6764.519626,2
1775,Employers.csv,-4150.694544,5079.325752,2
1776,Employers.csv,-3968.209269,6628.224806,2
1777,Employers.csv,-3676.900846,6798.416765,2
1778,Employers.csv,-3973.097905,5074.196536,2
1779,Employers.csv,-4024.211499,5693.927627,2
1780,Employers.csv,-3626.985781,6864.37798,2
1781,Employers.csv,-3480.170404,6856.274228,2
1782,Employers.csv,-3205.791803,7158.990636,2
1783,Employers.csv,-3717.487986,6703.2047,2
1784,Employers.csv,-4017.808181,6949.61277,2
1785,Employers.csv,-4597.345294,4632.743041,2
1786,Employers.csv,-3300.166421,6148.413136,2
1787,Employers.csv,-4002.933531,6628.224806,2
1788,Employers.csv,-3463.167738,7836.545593,2
1789,Employers.csv,-3813.291399,5750.038441,2
1790,Employers.csv,-3927.91024,5570.155155,2
1791,Employers.csv,-3209.407405,6191.725466,2
1792,Employers.csv,-3833.693529,5804.401063,2
1793,Employers.csv,-3313.211913,6185.833728,2
1794,Employers.csv,-3786.373075,4999.485452,2
1795,Employers.csv,-3267.606055,6452.567059,2
1796,Employers.csv,-3725.261225,6345.551342,2
1797,Employers.csv,-3759.480918,5179.602736,2
1,Apartments.csv,1077.697944,648.4427164,0
2,Apartments.csv,-185.9292838,1520.327098,0
3,Apartments.csv,2123.014186,5126.753457,3
4,Apartments.csv,2103.630178,4266.93293,3
5,Apartments.csv,7.058974382,79.96163672,0
6,Apartments.csv,2250.854906,5251.336831,3
7,Apartments.csv,486.8811262,2251.12606,0
8,Apartments.csv,1233.454756,1768.611138,0
9,Apartments.csv,1274.271591,1163.505121,0
10,Apartments.csv,-1697.030311,1239.030179,0
11,Apartments.csv,-341.9635948,1222.596633,0
12,Apartments.csv,359.2567913,4138.105315,3
13,Apartments.csv,733.3292646,2093.80264,0
14,Apartments.csv,2119.566427,5333.491746,3
15,Apartments.csv,605.0252121,3081.898074,3
16,Apartments.csv,2211.118804,5227.989104,3
17,Apartments.csv,2123.906268,5021.749306,3
18,Apartments.csv,-733.4490638,1291.775071,0
19,Apartments.csv,2231.891816,4564.949488,3
20,Apartments.csv,1294.8798,4462.162809,3
21,Apartments.csv,2418.913602,4154.232521,3
22,Apartments.csv,-1396.319448,2171.962601,0
23,Apartments.csv,-517.6567146,1675.812227,0
24,Apartments.csv,607.6839706,2383.49419,0
25,Apartments.csv,1784.515981,3423.27093,3
26,Apartments.csv,-1664.714323,2058.90722,0
27,Apartments.csv,1572.503168,4457.745004,3
28,Apartments.csv,1910.804726,5326.192433,3
29,Apartments.csv,1393.2352,4920.767702,3
30,Apartments.csv,573.0109209,1804.63525,0
31,Apartments.csv,-1406.974342,896.4515376,0
32,Apartments.csv,1712.503108,3255.006976,3
33,Apartments.csv,1749.555767,5245.752715,3
34,Apartments.csv,-1671.492924,1509.733409,0
35,Apartments.csv,2050.180926,4335.080359,3
36,Apartments.csv,-513.8186479,1863.550434,0
37,Apartments.csv,-1234.621504,1534.718943,0
38,Apartments.csv,1417.176057,3332.468499,3
39,Apartments.csv,1068.300421,1266.859952,0
40,Apartments.csv,503.2128634,2535.976432,0
41,Apartments.csv,-1934.044512,783.8901203,0
42,Apartments.csv,-584.6593804,1653.137409,0
43,Apartments.csv,1060.95279,488.2689119,0
44,Apartments.csv,2253.321106,4060.927915,3
45,Apartments.csv,1267.207494,1344.203246,0
46,Apartments.csv,332.4271144,799.1239163,0
47,Apartments.csv,2115.845208,4063.6161,3
48,Apartments.csv,-1234.621504,1448.786903,0
49,Apartments.csv,2408.901433,4047.797422,3
50,Apartments.csv,1384.395777,3624.778669,3
51,Apartments.csv,2114.93483,5099.799244,3
52,Apartments.csv,-1844.886172,1645.329997,0
53,Apartments.csv,-2025.813803,1958.780942,0
54,Apartments.csv,1175.07201,1558.156015,0
55,Apartments.csv,2153.389571,4760.551377,3
56,Apartments.csv,1810.371859,5143.560777,3
57,Apartments.csv,-519.7323384,1799.794106,0
58,Apartments.csv,-1473.175632,954.922679,0
59,Apartments.csv,2259.342541,5333.491746,3
60,Apartments.csv,-1378.108773,1346.249606,0
61,Apartments.csv,1043.496917,1456.307865,0
62,Apartments.csv,-450.6540488,1698.487044,0
63,Apartments.csv,501.0400178,2280.432858,0
64,Apartments.csv,663.3720397,3786.540333,3
65,Apartments.csv,2229.251509,4472.603755,3
66,Apartments.csv,1603.441866,4025.563331,3
67,Apartments.csv,-1612.053236,1166.446747,0
68,Apartments.csv,-462.1930332,1227.98695,0
69,Apartments.csv,2050.180926,4374.926624,3
70,Apartments.csv,820.2880334,335.2976114,0
71,Apartments.csv,591.1622083,626.2207922,0
72,Apartments.csv,-726.5390498,1381.933709,0
73,Apartments.csv,-1340.791102,2119.691752,0
74,Apartments.csv,2233.21444,4053.359049,3
75,Apartments.csv,588.1769005,1516.034139,0
76,Apartments.csv,-1328.614452,2167.516377,0
77,Apartments.csv,47.5211062,947.5137486,0
78,Apartments.csv,1148.283175,1631.175143,0
79,Apartments.csv,-522.4167301,1601.494994,0
80,Apartments.csv,589.7126865,3461.11703,3
81,Apartments.csv,618.624018,419.6078675,0
82,Apartments.csv,45.01782409,1116.591553,0
83,Apartments.csv,223.3754342,1819.396028,0
84,Apartments.csv,2466.078807,5201.152719,3
85,Apartments.csv,-1608.062217,1658.431568,0
86,Apartments.csv,-1678.956089,1142.00702,0
87,Apartments.csv,-1350.786387,1237.862916,0
88,Apartments.csv,1621.751664,4457.745004,3
89,Apartments.csv,608.9711401,396.1964697,0
90,Apartments.csv,1352.574695,3257.188184,3
91,Apartments.csv,1816.354964,5215.958138,3
92,Apartments.csv,-1585.499106,1889.187154,0
93,Apartments.csv,-365.1259863,1859.864284,0
94,Apartments.csv,-1692.816336,1826.629551,0
95,Apartments.csv,2211.118804,5274.684558,3
96,Apartments.csv,594.2562157,2198.541294,0
97,Apartments.csv,-1025.463021,1571.165821,0
98,Apartments.csv,669.5108365,3276.917187,3
99,Apartments.csv,-1455.411781,1364.931524,0
100,Apartments.csv,-657.4419277,1584.005409,0
101,Apartments.csv,1831.08937,5326.192433,3
102,Apartments.csv,1094.398742,1284.253621,0
103,Apartments.csv,563.1093836,1776.051723,0
104,Apartments.csv,472.7222347,2221.819262,0
105,Apartments.csv,110.2945902,509.2027988,0
106,Apartments.csv,2015.601226,4877.664215,3
107,Apartments.csv,212.2553023,1303.969254,0
108,Apartments.csv,1404.796399,3346.433605,3
109,Apartments.csv,-1459.338396,876.0742311,0
110,Apartments.csv,117.8537997,528.5651696,0
111,Apartments.csv,-1851.781052,1845.275157,0
112,Apartments.csv,567.7208874,1914.361543,0
113,Apartments.csv,-316.8237845,1215.064678,0
114,Apartments.csv,-1118.91839,1453.507685,0
115,Apartments.csv,1217.507751,3514.169785,3
116,Apartments.csv,2153.389571,4536.66614,3
117,Apartments.csv,1207.263973,1145.356195,0
118,Apartments.csv,360.7802421,4325.788999,3
119,Apartments.csv,486.8811262,2251.12606,0
120,Apartments.csv,-1613.469904,895.8227278,0
121,Apartments.csv,-1423.583122,1973.313754,0
122,Apartments.csv,-1436.739648,1991.452211,0
123,Apartments.csv,793.7649969,423.853605,0
124,Apartments.csv,210.1736674,875.8050258,0
125,Apartments.csv,2423.121341,4360.755473,3
126,Apartments.csv,1250.185594,4900.797769,3
127,Apartments.csv,2219.826068,4760.894146,3
128,Apartments.csv,594.1753774,2403.828102,0
129,Apartments.csv,443.8093982,867.2659026,0
130,Apartments.csv,938.4013346,2602.36809,3
131,Apartments.csv,1077.196616,438.7512512,0
132,Apartments.csv,1407.665615,3490.893224,3
133,Apartments.csv,2173.452437,4063.6161,3
134,Apartments.csv,1999.48072,5322.478793,3
135,Apartments.csv,579.159003,1695.640349,0
136,Apartments.csv,1488.478248,3490.893224,3
137,Apartments.csv,1366.241743,4715.042753,3
138,Apartments.csv,1417.176057,3332.468499,3
139,Apartments.csv,110.2945902,509.2027988,0
140,Apartments.csv,-743.271142,1202.24489,0
141,Apartments.csv,585.7918118,3538.798389,3
142,Apartments.csv,2019.697888,5313.875097,3
143,Apartments.csv,570.1800581,2009.22567,0
144,Apartments.csv,1243.528842,1540.86673,0
145,Apartments.csv,2034.773218,4443.291112,3
146,Apartments.csv,2424.172932,5455.838131,3
147,Apartments.csv,588.4497541,3728.438009,3
148,Apartments.csv,1714.333887,3405.811655,3
149,Apartments.csv,117.8537997,528.5651696,0
150,Apartments.csv,602.8715955,3273.107684,3
151,Apartments.csv,1814.113583,4467.798949,3
152,Apartments.csv,-1598.21244,1727.72627,0
153,Apartments.csv,-1352.967752,2071.867128,0
154,Apartments.csv,2191.451754,4945.821524,3
155,Apartments.csv,-1482.900635,978.7361235,0
156,Apartments.csv,-1504.937554,1889.187154,0
157,Apartments.csv,108.8199091,419.4665645,0
158,Apartments.csv,1257.621375,1325.011075,0
159,Apartments.csv,529.0336504,4425.668816,3
160,Apartments.csv,-1678.956089,1058.005482,0
161,Apartments.csv,1780.217487,3286.264868,3
162,Apartments.csv,611.4908766,219.4881578,0
163,Apartments.csv,-1769.043962,882.4962735,0
164,Apartments.csv,1789.415305,3327.219248,3
165,Apartments.csv,54.25226139,22.16097812,0
166,Apartments.csv,618.624018,419.6078675,0
167,Apartments.csv,626.6940506,626.2207922,0
168,Apartments.csv,-456.3382477,1395.282163,0
169,Apartments.csv,1409.399529,3410.171268,3
170,Apartments.csv,2115.845208,4022.553466,3
171,Apartments.csv,1066.514484,676.0876894,0
172,Apartments.csv,-742.7834309,1310.269034,0
173,Apartments.csv,575.2723656,1934.981907,0
174,Apartments.csv,1489.136313,3323.117701,3
175,Apartments.csv,1044.708963,438.7512512,0
176,Apartments.csv,1749.555767,5173.115169,3
177,Apartments.csv,1771.019668,3327.219248,3
178,Apartments.csv,1749.555767,5318.390262,3
179,Apartments.csv,1162.774487,1181.238438,0
180,Apartments.csv,-185.9292838,1611.838613,0
181,Apartments.csv,588.1769005,1477.886761,0
182,Apartments.csv,211.369656,1211.495243,0
183,Apartments.csv,1789.415305,3245.310488,3
184,Apartments.csv,810.234702,406.6006228,0
185,Apartments.csv,1186.960201,3164.371228,3
186,Apartments.csv,1585.021887,4034.334999,3
187,Apartments.csv,1792.288741,3445.633257,3
188,Apartments.csv,1259.755032,4768.654035,3
189,Apartments.csv,2424.172932,5373.974229,3
190,Apartments.csv,-1021.501139,1340.518679,0
191,Apartments.csv,1714.333887,3363.864234,3
192,Apartments.csv,537.5487781,4325.595357,3
193,Apartments.csv,2488.067018,4043.913273,3
194,Apartments.csv,975.8759449,4561.888356,3
195,Apartments.csv,615.3098822,3201.0032,3
196,Apartments.csv,1024.237301,4571.087728,3
197,Apartments.csv,-1924.015029,806.806477,0
198,Apartments.csv,429.8979288,2384.93831,0
199,Apartments.csv,2253.321106,4060.927915,3
200,Apartments.csv,1507.010847,3315.302617,3
201,Apartments.csv,2243.650764,5111.970793,3
202,Apartments.csv,504.5104638,1477.886761,0
203,Apartments.csv,1309.485953,3221.877213,3
204,Apartments.csv,-1300.805766,1364.931524,0
205,Apartments.csv,978.0246375,519.2987394,0
206,Apartments.csv,-322.3316136,1859.864284,0
207,Apartments.csv,228.4292416,867.1341662,0
208,Apartments.csv,626.6940506,683.4894163,0
209,Apartments.csv,1313.929348,4437.056257,3
210,Apartments.csv,927.5145886,4571.087728,3
211,Apartments.csv,-341.9635948,1222.596633,0
212,Apartments.csv,760.1396513,552.1833032,0
213,Apartments.csv,-1938.247222,1979.506475,0
214,Apartments.csv,-1776.287644,1691.41382,0
215,Apartments.csv,1491.796033,3427.969569,3
216,Apartments.csv,1237.67276,509.51671,0
217,Apartments.csv,-1814.279944,2058.90722,0
218,Apartments.csv,670.1689977,2914.164153,3
219,Apartments.csv,501.0400178,2280.432858,0
220,Apartments.csv,-1463.32234,1434.063266,0
221,Apartments.csv,-1328.614452,2191.428689,0
222,Apartments.csv,2290.591008,5274.684558,3
223,Apartments.csv,-316.8237845,1215.064678,0
224,Apartments.csv,-1523.870663,1169.004024,0
225,Apartments.csv,-1702.630952,953.9051307,0
226,Apartments.csv,-1569.325068,1491.892004,0
227,Apartments.csv,2019.394741,4428.25057,3
228,Apartments.csv,-1671.492924,1366.947395,0
229,Apartments.csv,-1423.583122,1973.313754,0
230,Apartments.csv,-844.9094889,1637.234473,0
231,Apartments.csv,1304.885209,3526.73749,3
232,Apartments.csv,660.5655257,3301.571172,3
233,Apartments.csv,-417.1527159,1687.149635,0
234,Apartments.csv,581.2159665,3478.279909,3
235,Apartments.csv,1209.986045,4886.716681,3
236,Apartments.csv,-1025.463021,1458.394458,0
237,Apartments.csv,-1608.658523,1544.228956,0
238,Apartments.csv,1066.514484,620.7977434,0
239,Apartments.csv,2103.630178,4230.016527,3
240,Apartments.csv,-799.3152794,1344.339856,0
241,Apartments.csv,-1613.469904,1032.372217,0
242,Apartments.csv,-1598.21244,1771.583193,0
243,Apartments.csv,-1511.444069,1994.482112,0
244,Apartments.csv,1780.217487,3286.264868,3
245,Apartments.csv,1404.796399,3346.433605,3
246,Apartments.csv,578.7032534,1987.720488,0
247,Apartments.csv,2050.151695,4458.331654,3
248,Apartments.csv,-1347.625813,1515.383932,0
249,Apartments.csv,1266.616423,1145.204402,0
250,Apartments.csv,2191.451754,5018.85719,3
251,Apartments.csv,-1128.519849,1362.99242,0
252,Apartments.csv,-752.3428066,1648.402114,0
253,Apartments.csv,-251.0090033,1611.838613,0
254,Apartments.csv,891.3763499,447.5385765,0
255,Apartments.csv,397.4268088,867.2659026,0
256,Apartments.csv,2179.510365,5037.116106,3
257,Apartments.csv,593.9684897,3555.941753,3
258,Apartments.csv,-616.6770086,1594.735769,0
259,Apartments.csv,-1608.062217,1614.426665,0
260,Apartments.csv,-1775.487807,1991.483439,0
261,Apartments.csv,1314.776885,3620.368412,3
262,Apartments.csv,415.4876183,1115.317244,0
263,Apartments.csv,607.6839706,2383.49419,0
264,Apartments.csv,1194.791682,3181.014869,3
265,Apartments.csv,-418.9564517,1758.170699,0
266,Apartments.csv,1274.271591,1163.505121,0
267,Apartments.csv,-1382.104322,743.9345186,0
268,Apartments.csv,850.9574087,622.4197746,0
269,Apartments.csv,444.6663982,2473.862782,0
270,Apartments.csv,-1626.617688,861.6853556,0
271,Apartments.csv,608.9711401,396.1964697,0
272,Apartments.csv,1784.515981,3423.27093,3
273,Apartments.csv,-1702.105728,2048.271561,0
274,Apartments.csv,402.5873002,1277.566891,0
275,Apartments.csv,930.4769773,2579.157629,3
276,Apartments.csv,1792.288741,3445.633257,3
277,Apartments.csv,1471.614073,3419.399762,3
278,Apartments.csv,-113.0399125,1301.509726,0
279,Apartments.csv,2179.510365,4964.08044,3
280,Apartments.csv,53.1396533,1093.97741,0
281,Apartments.csv,1603.441866,4025.563331,3
282,Apartments.csv,-1626.617688,998.2348446,0
283,Apartments.csv,418.3712461,1258.198723,0
284,Apartments.csv,678.0809284,2936.81754,3
285,Apartments.csv,967.3518356,407.9373383,0
286,Apartments.csv,1273.565093,3620.368412,3
287,Apartments.csv,378.0383449,4256.794455,3
288,Apartments.csv,-1628.84964,797.2604866,0
289,Apartments.csv,1671.210374,3222.106191,3
290,Apartments.csv,-1287.310697,1243.525073,0
291,Apartments.csv,-1352.967752,2095.77944,0
292,Apartments.csv,-1481.377805,1057.443481,0
293,Apartments.csv,1985.912214,4267.187714,3
294,Apartments.csv,146.6881939,871.1354578,0
295,Apartments.csv,-784.3330955,1386.674799,0
296,Apartments.csv,1186.960201,3164.371228,3
297,Apartments.csv,-493.7268708,1395.282163,0
298,Apartments.csv,-1950.112368,2081.396324,0
299,Apartments.csv,1585.021887,4034.334999,3
300,Apartments.csv,1042.202099,1249.466283,0
301,Apartments.csv,-1435.412888,2057.431875,0
302,Apartments.csv,2404.627243,4176.734809,3
303,Apartments.csv,827.2578682,2504.344796,3
304,Apartments.csv,-929.4028977,1195.464748,0
305,Apartments.csv,-1314.737166,1533.975181,0
306,Apartments.csv,2066.773711,4943.225138,3
307,Apartments.csv,860.9945668,1631.175143,0
308,Apartments.csv,1801.825856,5166.503223,3
309,Apartments.csv,-1530.703986,2057.431875,0
310,Apartments.csv,-1404.652824,1237.862916,0
311,Apartments.csv,2219.52434,4681.012973,3
312,Apartments.csv,-698.2068467,1573.27505,0
313,Apartments.csv,570.1800581,2009.22567,0
314,Apartments.csv,-1473.175632,954.922679,0
315,Apartments.csv,-1353.514356,1448.786903,0
316,Apartments.csv,2433.199961,4131.730233,3
317,Apartments.csv,635.5770112,669.1722603,0
318,Apartments.csv,-1716.849146,1058.005482,0
319,Apartments.csv,2415.573573,4380.230108,3
320,Apartments.csv,-486.8264141,1855.024375,0
321,Apartments.csv,611.33466,2266.011784,0
322,Apartments.csv,2233.21444,4053.359049,3
323,Apartments.csv,596.9577271,3757.221037,3
324,Apartments.csv,110.2945902,509.2027988,0
325,Apartments.csv,1250.452126,4840.237969,3
326,Apartments.csv,1236.857193,3223.993525,3
327,Apartments.csv,1236.857193,3263.039951,3
328,Apartments.csv,702.7985195,770.6023644,0
329,Apartments.csv,-1372.069897,721.8870615,0
330,Apartments.csv,-1494.063285,1355.590565,0
331,Apartments.csv,1194.093714,3263.039951,3
332,Apartments.csv,1224.552204,446.9910547,0
333,Apartments.csv,2149.658693,4230.016527,3
334,Apartments.csv,-12.93805986,46.52518872,0
335,Apartments.csv,1239.237897,1656.322938,0
336,Apartments.csv,567.7208874,1914.361543,0
337,Apartments.csv,2423.102047,4028.062761,3
338,Apartments.csv,-1239.473525,1243.525073,0
339,Apartments.csv,117.8537997,528.5651696,0
340,Apartments.csv,2335.759963,4060.793777,3
341,Apartments.csv,1251.800743,1567.86362,0
342,Apartments.csv,2133.190995,4335.080359,3
343,Apartments.csv,-792.7604593,1573.503621,0
344,Apartments.csv,2217.516894,4848.952197,3
345,Apartments.csv,141.3756574,799.1239163,0
346,Apartments.csv,582.9124582,1776.051723,0
347,Apartments.csv,-432.8044959,1237.861175,0
348,Apartments.csv,1309.485953,3257.188184,3
349,Apartments.csv,-1354.973769,1981.214609,0
350,Apartments.csv,1077.697944,648.4427164,0
351,Apartments.csv,669.5108365,3276.917187,3
352,Apartments.csv,-1406.441427,2146.97878,0
353,Apartments.csv,891.3763499,407.9373383,0
354,Apartments.csv,-341.9635948,1222.596633,0
355,Apartments.csv,-2025.813803,2039.399099,0
356,Apartments.csv,1420.163921,4930.580078,3
357,Apartments.csv,514.6516825,4443.564637,3
358,Apartments.csv,191.464599,1226.126933,0
359,Apartments.csv,-1314.737166,1496.792682,0
360,Apartments.csv,-1851.671349,2048.271561,0
361,Apartments.csv,1235.256941,1513.869841,0
362,Apartments.csv,1275.830252,4437.056257,3
363,Apartments.csv,-1775.487807,1991.483439,0
364,Apartments.csv,1250.793316,572.0423653,0
365,Apartments.csv,967.0498055,343.3889251,0
366,Apartments.csv,938.0734961,2479.274629,3
367,Apartments.csv,2035.172628,4888.173729,3
368,Apartments.csv,1224.552204,540.7795376,0
369,Apartments.csv,504.5104638,1516.034139,0
370,Apartments.csv,1562.957384,3260.773731,3
371,Apartments.csv,-1627.322918,2048.271561,0
372,Apartments.csv,607.4422585,2897.21222,3
373,Apartments.csv,2222.694118,4594.88034,3
374,Apartments.csv,-1775.487807,1991.483439,0
375,Apartments.csv,1394.756856,3429.625063,3
376,Apartments.csv,589.7126865,3461.11703,3
377,Apartments.csv,690.516238,335.2976114,0
378,Apartments.csv,1300.191532,4736.91992,3
451,Apartments.csv,-2523.152045,3056.814238,0
452,Apartments.csv,-2477.842533,2500.334944,0
453,Apartments.csv,-1308.782037,3296.178482,0
454,Apartments.csv,-1125.432145,4009.136028,1
455,Apartments.csv,-1333.088632,2688.886124,0
456,Apartments.csv,-2375.983406,2529.959139,0
457,Apartments.csv,-2361.324268,4522.880477,1
458,Apartments.csv,-2466.012857,2592.227772,0
459,Apartments.csv,-2104.405193,3667.258808,1
460,Apartments.csv,-2464.407003,3264.934956,0
461,Apartments.csv,-1359.383506,2567.87918,0
462,Apartments.csv,-2458.924169,2678.418056,0
463,Apartments.csv,-1319.542656,3722.227422,1
464,Apartments.csv,-1698.007989,3783.07935,1
465,Apartments.csv,-2356.21994,4905.065772,1
466,Apartments.csv,-1268.077758,3893.435108,1
467,Apartments.csv,-2356.21994,4807.871563,1
468,Apartments.csv,-1226.033598,2995.256213,0
469,Apartments.csv,-2282.052016,4954.366604,1
470,Apartments.csv,-2194.538213,2838.016471,0
471,Apartments.csv,-2492.523321,4559.802085,1
472,Apartments.csv,-1159.757948,3725.721049,1
473,Apartments.csv,-1996.525861,3094.371039,0
474,Apartments.csv,-1558.884042,3516.983929,1
475,Apartments.csv,-1291.030918,4514.497966,1
476,Apartments.csv,-1223.284282,3932.790231,1
477,Apartments.csv,-1529.086341,2620.799821,0
478,Apartments.csv,-1206.552731,3302.697492,0
479,Apartments.csv,-2079.137145,3650.610693,1
480,Apartments.csv,-1130.811318,2817.328059,0
481,Apartments.csv,-1930.840022,2773.773585,0
482,Apartments.csv,-1062.38123,3002.121591,0
483,Apartments.csv,-2093.124539,2770.192092,0
484,Apartments.csv,-1129.114792,3273.838778,0
485,Apartments.csv,-2521.191949,4569.711534,1
486,Apartments.csv,-2249.780046,2506.043283,0
487,Apartments.csv,-1717.658698,3761.569089,1
488,Apartments.csv,-1449.299783,2620.799821,0
489,Apartments.csv,-2390.269322,4701.931452,1
490,Apartments.csv,-1359.383506,2619.54913,0
491,Apartments.csv,-1069.442138,3492.281237,1
492,Apartments.csv,-1183.706792,2811.884789,0
493,Apartments.csv,-742.3590384,4484.939824,1
494,Apartments.csv,-1231.832089,3500.083957,1
495,Apartments.csv,-2034.116407,3094.371039,0
496,Apartments.csv,-1450.873858,2691.586291,0
497,Apartments.csv,-1197.472471,2392.8591,0
498,Apartments.csv,-1966.915062,2693.276066,0
499,Apartments.csv,-1196.856023,4384.781128,1
500,Apartments.csv,-1610.522344,2813.367519,0
501,Apartments.csv,-1344.716091,3889.931637,1
502,Apartments.csv,-1431.083536,2412.517668,0
503,Apartments.csv,-1549.032981,2607.211623,0
504,Apartments.csv,-2158.884768,3070.618793,0
505,Apartments.csv,-760.5535638,4468.744216,1
506,Apartments.csv,-1112.661585,3805.031831,1
507,Apartments.csv,-2069.589266,3202.653838,0
508,Apartments.csv,-1671.919426,3383.61574,1
509,Apartments.csv,-1474.199739,3883.465862,1
510,Apartments.csv,-550.3361529,4886.61231,1
511,Apartments.csv,-2361.324268,4581.945696,1
512,Apartments.csv,-1456.447338,2423.787446,0
513,Apartments.csv,-1310.946681,3699.906658,1
514,Apartments.csv,-567.7565019,4873.227525,1
515,Apartments.csv,-1601.643253,3794.374764,1
516,Apartments.csv,-1077.283647,3465.160577,1
517,Apartments.csv,-670.0361385,4866.76665,1
518,Apartments.csv,-1077.283647,3519.401898,1
519,Apartments.csv,-2266.199435,5003.11609,1
520,Apartments.csv,-1432.186695,2490.886853,0
521,Apartments.csv,-1685.318537,4075.713347,1
522,Apartments.csv,-1748.628191,2896.246156,0
523,Apartments.csv,-2361.032473,2426.631426,0
524,Apartments.csv,-1130.811318,2900.18032,0
525,Apartments.csv,-2158.723147,2525.141681,0
526,Apartments.csv,-1999.738768,3482.991883,1
527,Apartments.csv,-1671.523131,4095.952164,1
528,Apartments.csv,-2252.384456,2675.089797,0
529,Apartments.csv,-2236.801683,3082.441075,0
530,Apartments.csv,-2366.812535,4783.573011,1
531,Apartments.csv,-2048.731217,2751.375902,0
532,Apartments.csv,-1108.701325,3076.576967,0
533,Apartments.csv,-2083.375949,3284.51451,0
534,Apartments.csv,-1966.915062,2773.773585,0
535,Apartments.csv,-1175.487047,4555.253316,1
536,Apartments.csv,-1233.289322,3614.432936,1
537,Apartments.csv,-1062.521296,2479.196706,0
538,Apartments.csv,-1300.500597,2680.485998,0
539,Apartments.csv,-1323.214996,3881.505138,1
540,Apartments.csv,-1933.301699,2997.055788,0
541,Apartments.csv,-1222.401902,2383.629319,0
542,Apartments.csv,-1051.048119,3607.540082,1
543,Apartments.csv,-1064.134515,2409.744552,0
544,Apartments.csv,-2247.098703,2849.452277,0
545,Apartments.csv,-1997.66561,3287.189784,0
546,Apartments.csv,-2199.170392,3661.028918,1
547,Apartments.csv,-1613.045395,3631.197962,1
548,Apartments.csv,-1214.206945,4477.734712,1
549,Apartments.csv,-724.164513,4468.744216,1
550,Apartments.csv,-1303.296926,2567.87918,0
551,Apartments.csv,-2339.722927,3100.533909,0
552,Apartments.csv,-528.296892,4692.663313,1
553,Apartments.csv,-2442.600076,2414.876378,0
554,Apartments.csv,-2297.904597,4905.617118,1
555,Apartments.csv,-1545.528345,3593.87457,1
556,Apartments.csv,-1982.343484,4572.902176,1
557,Apartments.csv,-1112.661585,3725.721049,1
558,Apartments.csv,-1303.296926,2619.54913,0
559,Apartments.csv,-1996.525861,3135.663302,0
560,Apartments.csv,-1285.292246,3313.712036,0
561,Apartments.csv,-2297.904597,5003.11609,1
562,Apartments.csv,-1065.810859,2920.893385,0
563,Apartments.csv,-2444.634965,2608.134799,0
564,Apartments.csv,-1202.908078,3011.619147,0
565,Apartments.csv,-2511.763386,3200.577257,0
566,Apartments.csv,-1996.908635,4977.970625,1
567,Apartments.csv,-1159.757948,3805.031831,1
568,Apartments.csv,-1201.939374,4013.348078,1
569,Apartments.csv,-1452.26534,2471.367504,0
570,Apartments.csv,-1671.523131,4055.47453,1
571,Apartments.csv,-2116.75305,2661.504195,0
572,Apartments.csv,-1935.682574,2878.380025,0
573,Apartments.csv,-1097.568391,3896.229872,1
574,Apartments.csv,-2247.098703,2826.580665,0
575,Apartments.csv,-1175.487047,4477.734712,1
576,Apartments.csv,-1344.716091,3889.931637,1
577,Apartments.csv,-1226.993144,3218.864742,0
578,Apartments.csv,-1998.491823,4552.187554,1
579,Apartments.csv,-546.7183539,4791.255481,1
580,Apartments.csv,-1221.701002,4296.996525,1
581,Apartments.csv,-1307.262373,4476.916403,1
582,Apartments.csv,-1215.022621,3986.226567,1
583,Apartments.csv,-2141.977723,2826.580665,0
584,Apartments.csv,-1219.357533,3387.294219,0
585,Apartments.csv,-1547.046883,2817.015853,0
586,Apartments.csv,-1623.705759,3655.180303,1
587,Apartments.csv,-2158.884768,3122.656815,0
588,Apartments.csv,-742.3590384,4484.939824,1
589,Apartments.csv,-2257.17722,2989.261624,0
590,Apartments.csv,-1512.681172,3871.198167,1
591,Apartments.csv,-1243.378456,3531.847885,1
592,Apartments.csv,-2607.270682,3055.597383,0
593,Apartments.csv,-1734.419193,3692.759795,1
594,Apartments.csv,-2442.952277,3161.86369,0
595,Apartments.csv,-2209.348393,3160.245995,0
596,Apartments.csv,-2297.904597,5027.490833,1
597,Apartments.csv,-2114.647404,2602.884684,0
598,Apartments.csv,-1395.010573,3810.919525,1
599,Apartments.csv,-2129.673242,3683.906924,1
600,Apartments.csv,-1373.40515,2606.631643,0
601,Apartments.csv,-1111.250778,4393.269416,1
602,Apartments.csv,-2442.952277,3200.577257,0
603,Apartments.csv,-1469.246423,2634.38802,0
604,Apartments.csv,-2228.902223,2520.66798,0
605,Apartments.csv,-1015.441035,3017.717466,0
606,Apartments.csv,-2290.296029,4801.983999,1
607,Apartments.csv,-1843.935513,3481.309981,1
608,Apartments.csv,-1287.023636,3232.233437,0
609,Apartments.csv,-1966.195146,4552.187554,1
610,Apartments.csv,-1978.651604,3502.161441,1
611,Apartments.csv,-2460.155054,3152.185298,0
612,Apartments.csv,-1918.740072,2853.426938,0
613,Apartments.csv,-1717.658698,3804.58961,1
614,Apartments.csv,-1996.525861,3094.371039,0
615,Apartments.csv,-1215.125781,3636.77197,1
616,Apartments.csv,-562.0139696,4810.950876,1
617,Apartments.csv,-2630.616475,3064.067592,0
618,Apartments.csv,-1772.763515,2625.349838,0
619,Apartments.csv,-2403.434619,4581.945696,1
620,Apartments.csv,-2357.388151,5012.334825,1
621,Apartments.csv,-2358.870709,2590.634907,0
622,Apartments.csv,-2012.561921,4956.647375,1
623,Apartments.csv,-2345.627345,4783.573011,1
624,Apartments.csv,-2127.626831,3315.407617,0
625,Apartments.csv,-2113.053932,3184.47988,0
626,Apartments.csv,-1188.856128,4040.469589,1
627,Apartments.csv,-2270.65787,2491.418586,0
628,Apartments.csv,-2297.958452,4779.708386,1
629,Apartments.csv,-1214.206945,4555.253316,1
630,Apartments.csv,-1323.214996,3881.505138,1
631,Apartments.csv,-531.4227382,4810.950876,1
632,Apartments.csv,-2079.137145,3683.906924,1
633,Apartments.csv,-2168.257968,2826.580665,0
634,Apartments.csv,-1245.81253,3816.764268,1
635,Apartments.csv,-1097.980953,4406.404141,1
636,Apartments.csv,-2005.846958,2843.488166,0
637,Apartments.csv,-2297.948974,2763.35513,0
638,Apartments.csv,-1180.70474,2563.522482,0
639,Apartments.csv,-2191.123644,3680.087854,1
640,Apartments.csv,-1678.35728,3804.58961,1
641,Apartments.csv,-2504.354038,2481.628836,0
642,Apartments.csv,-1171.532039,3745.548745,1
643,Apartments.csv,-1746.402813,3671.877357,1
644,Apartments.csv,-2385.234423,3052.918392,0
645,Apartments.csv,-1220.818663,3318.570415,0
646,Apartments.csv,-1863.614094,3489.744654,1
647,Apartments.csv,-1788.422431,2706.00807,0
648,Apartments.csv,-1981.25535,4999.293874,1
649,Apartments.csv,-2607.270682,3055.597383,0
650,Apartments.csv,-1197.472471,2392.8591,0
651,Apartments.csv,-1698.007989,3783.07935,1
652,Apartments.csv,-1957.896302,2793.897965,0
653,Apartments.csv,-2339.722927,3052.918392,0
654,Apartments.csv,-1781.598723,4068.878891,1
655,Apartments.csv,-2448.445996,2975.182378,0
656,Apartments.csv,-1585.684828,3810.988683,1
657,Apartments.csv,-1300.500597,2697.286251,0
658,Apartments.csv,-1263.076851,3831.592894,1
659,Apartments.csv,-1952.625077,2903.333112,0
660,Apartments.csv,-1555.058416,2796.33383,0
661,Apartments.csv,-2465.778673,3104.05472,0
662,Apartments.csv,-1998.491823,4593.616799,1
663,Apartments.csv,-2366.812535,4880.76722,1
664,Apartments.csv,-1069.442138,3492.281237,1
665,Apartments.csv,-1351.131443,3828.582153,1
666,Apartments.csv,-1110.054206,3261.905213,0
667,Apartments.csv,-2352.640563,2865.632372,0
668,Apartments.csv,-1843.935513,3481.309981,1
669,Apartments.csv,-1655.964979,2625.349838,0
670,Apartments.csv,-2033.15914,3287.189784,0
671,Apartments.csv,-2521.191949,4549.892635,1
672,Apartments.csv,-1004.655464,3073.949548,0
673,Apartments.csv,-2158.723147,2486.27018,0
674,Apartments.csv,-1171.532039,3785.204136,1
675,Apartments.csv,-1199.85172,2909.326175,0
676,Apartments.csv,-2091.739153,3070.618793,0
677,Apartments.csv,-2373.544564,2884.610916,0
678,Apartments.csv,-1472.323076,2683.753018,0
679,Apartments.csv,-2630.616475,3064.067592,0
680,Apartments.csv,-1734.419193,3692.759795,1
681,Apartments.csv,-1982.343484,4572.902176,1
682,Apartments.csv,-1095.843855,2495.769897,0
683,Apartments.csv,-2199.170392,3661.028918,1
684,Apartments.csv,-1918.450513,2609.526187,0
685,Apartments.csv,-2492.523321,4559.802085,1
686,Apartments.csv,-1214.206945,4574.632967,1
687,Apartments.csv,-1429.353144,2580.035226,0
688,Apartments.csv,-1077.283647,3465.160577,1
689,Apartments.csv,-2191.123644,3680.087854,1
690,Apartments.csv,-2375.983406,2493.925845,0
691,Apartments.csv,-1671.919426,3427.291096,1
692,Apartments.csv,-2371.851856,4508.114172,1
693,Apartments.csv,-2290.296029,4801.983999,1
694,Apartments.csv,-2194.538213,2838.016471,0
695,Apartments.csv,-2266.199435,5027.490833,1
696,Apartments.csv,-1289.275282,2632.466618,0
697,Apartments.csv,-2297.904597,4929.991861,1
698,Apartments.csv,-2026.495919,2602.884684,0
699,Apartments.csv,-2104.405193,3667.258808,1
700,Apartments.csv,-1790.033321,3740.31489,1
701,Apartments.csv,-2374.068133,3212.115941,0
702,Apartments.csv,-1180.70474,2615.334436,0
703,Apartments.csv,-1190.949104,2889.114136,0
704,Apartments.csv,-1285.292246,3278.644929,0
705,Apartments.csv,-1547.046883,2817.015853,0
706,Apartments.csv,-1180.70474,2511.710527,0
707,Apartments.csv,-1228.548209,3831.592894,1
708,Apartments.csv,-1211.896025,4372.055621,1
709,Apartments.csv,-1117.811226,2920.893385,0
710,Apartments.csv,-2451.331028,2519.041052,0
711,Apartments.csv,-1333.088632,2688.886124,0
712,Apartments.csv,-1220.285722,3468.320028,1
713,Apartments.csv,-2487.390748,2608.134799,0
714,Apartments.csv,-1997.66561,3323.628519,0
715,Apartments.csv,-1746.402813,3671.877357,1
716,Apartments.csv,-1863.614094,3489.744654,1
717,Apartments.csv,-2444.634965,2576.320745,0
718,Apartments.csv,-1302.482087,3512.05933,1
719,Apartments.csv,-1300.500597,2680.485998,0
720,Apartments.csv,-1613.045395,3631.197962,1
721,Apartments.csv,-1166.962651,3232.233437,0
722,Apartments.csv,-2376.131697,2575.003823,0
723,Apartments.csv,-1555.058416,2796.33383,0
724,Apartments.csv,-1509.139702,2634.38802,0
725,Apartments.csv,-1633.953826,3427.291096,1
726,Apartments.csv,-1223.878238,3068.619135,0
727,Apartments.csv,-1282.409879,3434.234989,1
728,Apartments.csv,-1319.542656,3722.227422,1
729,Apartments.csv,-1196.557026,3078.852116,0
730,Apartments.csv,-2373.544564,2846.653828,0
731,Apartments.csv,-2063.074378,3015.684888,0
732,Apartments.csv,-1100.81343,2396.890069,0
733,Apartments.csv,-2465.778673,3056.814238,0
734,Apartments.csv,-1111.250778,4393.269416,1
735,Apartments.csv,-2264.254973,3056.506102,0
736,Apartments.csv,-2249.780046,2506.043283,0
737,Apartments.csv,-1202.908078,2978.893279,0
738,Apartments.csv,-1184.869215,4331.171994,1
739,Apartments.csv,-2331.736561,2846.653828,0
740,Apartments.csv,-1183.706792,2715.45692,0
741,Apartments.csv,-2264.254973,3108.376048,0
742,Apartments.csv,-2349.009896,4987.518773,1
743,Apartments.csv,-1310.946681,3699.906658,1
744,Apartments.csv,-1011.842656,5102.79989,1
745,Apartments.csv,-1228.350215,3366.912372,0
746,Apartments.csv,-1344.716091,3889.931637,1
747,Apartments.csv,-1431.083536,2412.517668,0
748,Apartments.csv,-1623.705759,3655.180303,1
749,Apartments.csv,-1274.799463,4476.916403,1
750,Apartments.csv,-994.3432496,5055.626238,1
751,Apartments.csv,-1083.485265,3068.288229,0
752,Apartments.csv,-2361.324268,4522.880477,1
753,Apartments.csv,-1935.682574,2878.380025,0
754,Apartments.csv,-2228.902223,2520.66798,0
755,Apartments.csv,-550.3361529,4886.61231,1
756,Apartments.csv,-1613.045395,3631.197962,1
757,Apartments.csv,-706.5287818,4880.471423,1
758,Apartments.csv,-1843.935513,3481.309981,1
759,Apartments.csv,-1245.81253,3816.764268,1
760,Apartments.csv,-2091.739153,3122.656815,0
761,Apartments.csv,-2116.75305,2700.420617,0
762,Apartments.csv,-1880.262552,2601.055554,0
763,Apartments.csv,-1289.275282,2580.796668,0
764,Apartments.csv,-2442.600076,2438.386474,0
765,Apartments.csv,-1633.953826,3383.61574,1
766,Apartments.csv,-1725.399397,2706.00807,0
767,Apartments.csv,-1214.206945,4497.114363,1
768,Apartments.csv,-1027.455599,2422.599034,0
769,Apartments.csv,-1623.705759,3655.180303,1
770,Apartments.csv,-2020.825933,3463.822326,1
771,Apartments.csv,-1136.947405,3205.496046,0
772,Apartments.csv,-1223.284282,3893.435108,1
773,Apartments.csv,-2079.137145,3650.610693,1
774,Apartments.csv,-2466.012857,2592.227772,0
775,Apartments.csv,-1251.19945,3058.386154,0
776,Apartments.csv,-1199.85172,2909.326175,0
777,Apartments.csv,-1412.10805,2510.406203,0
778,Apartments.csv,-2226.993696,2658.093976,0
779,Apartments.csv,-1438.889702,3828.582153,1
780,Apartments.csv,-1257.00839,3232.233437,0
781,Apartments.csv,-1359.383506,2567.87918,0
782,Apartments.csv,-1734.419193,3692.759795,1
783,Apartments.csv,-1201.939374,4013.348078,1
784,Apartments.csv,-567.7565019,4873.227525,1
785,Apartments.csv,-1251.452864,3592.093901,1
786,Apartments.csv,-2319.161553,3212.115941,0
787,Apartments.csv,-2366.812535,4929.364324,1
788,Apartments.csv,-2158.723147,2602.884684,0
789,Apartments.csv,-1918.740072,2853.426938,0
790,Apartments.csv,-1432.186695,2490.886853,0
791,Apartments.csv,-1601.643253,3794.374764,1
792,Apartments.csv,-2178.206697,4808.476105,1
793,Apartments.csv,-1292.445983,3550.9715,1
794,Apartments.csv,-1547.046883,2817.015853,0
795,Apartments.csv,-1359.383506,2619.54913,0
796,Apartments.csv,-1746.402813,3671.877357,1
797,Apartments.csv,-1761.149906,4050.736798,1
798,Apartments.csv,-1997.66561,3287.189784,0
799,Apartments.csv,-1941.447689,3025.617102,0
800,Apartments.csv,-1300.500597,2697.286251,0
801,Apartments.csv,-1613.045395,3631.197962,1
802,Apartments.csv,-1223.878238,3068.619135,0
803,Apartments.csv,-1626.765345,2636.245356,0
804,Apartments.csv,-2278.788504,2979.38291,0
805,Apartments.csv,-2127.626831,3284.51451,0
806,Apartments.csv,-1585.684828,3810.988683,1
807,Apartments.csv,-550.3361529,4886.61231,1
808,Apartments.csv,-2153.717344,2700.420617,0
809,Apartments.csv,-2352.640563,2865.632372,0
810,Apartments.csv,-1190.949104,2889.114136,0
811,Apartments.csv,-1233.289322,3614.432936,1
812,Apartments.csv,-2251.06329,2782.763359,0
813,Apartments.csv,-1998.491823,4552.187554,1
814,Apartments.csv,-1226.033598,2995.256213,0
815,Apartments.csv,-1109.321425,3017.717466,0
816,Apartments.csv,-1863.614094,3489.744654,1
817,Apartments.csv,-1981.25535,4956.647375,1
818,Apartments.csv,-1939.858782,2793.897965,0
819,Apartments.csv,-1966.195146,4552.187554,1
820,Apartments.csv,-1274.799463,4552.079529,1
821,Apartments.csv,-2026.534555,2779.600187,0
822,Apartments.csv,-1717.658698,3761.569089,1
823,Apartments.csv,-1109.321425,2986.525716,0
824,Apartments.csv,-1662.428026,3416.372257,1
825,Apartments.csv,-1801.96315,2614.454321,0
826,Apartments.csv,-567.7565019,4873.227525,1
827,Apartments.csv,-1206.552731,3302.697492,0
828,Apartments.csv,-2257.17722,2989.261624,0
901,Apartments.csv,-183.3947,5328.33583,1
902,Apartments.csv,-1645.375326,6183.96372,1
903,Apartments.csv,-1399.321453,4670.082593,1
904,Apartments.csv,-2633.517835,6603.307585,2
905,Apartments.csv,353.4663094,5036.39491,3
906,Apartments.csv,-369.9425295,5263.709231,1
907,Apartments.csv,-1873.321906,5782.470763,1
908,Apartments.csv,-582.3991232,6378.279378,1
909,Apartments.csv,-565.5506283,5120.385828,1
910,Apartments.csv,-127.2664473,3412.393319,3
911,Apartments.csv,427.9248691,4739.045299,3
912,Apartments.csv,-3375.994637,4809.663591,2
913,Apartments.csv,-602.0069144,6302.006901,1
914,Apartments.csv,-207.8424974,5336.118051,1
915,Apartments.csv,-3603.299538,5910.234797,2
916,Apartments.csv,-1616.076622,5663.496584,1
917,Apartments.csv,-1318.180563,5833.072779,1
918,Apartments.csv,-2106.285901,5797.207129,1
919,Apartments.csv,-1827.588915,6213.014625,1
920,Apartments.csv,-1730.404799,6267.150263,1
921,Apartments.csv,-3660.264617,5706.288269,2
922,Apartments.csv,-1715.061399,5699.066137,1
923,Apartments.csv,-2642.931809,6805.712475,2
924,Apartments.csv,-389.02226,5271.565402,1
925,Apartments.csv,-1292.276742,5841.295332,1
926,Apartments.csv,-2721.353174,6862.861219,2
927,Apartments.csv,12.63182918,5340.500579,1
928,Apartments.csv,-1531.132885,5597.24422,1
929,Apartments.csv,293.6407814,4739.045299,3
930,Apartments.csv,-1662.149749,5616.284374,1
931,Apartments.csv,147.1699164,4052.559847,3
932,Apartments.csv,-80.478443,4852.486665,1
933,Apartments.csv,-88.20747766,3736.137881,3
934,Apartments.csv,-615.3610401,6219.202533,1
935,Apartments.csv,-3610.093612,5706.288269,2
936,Apartments.csv,-1649.006133,6088.01341,1
937,Apartments.csv,293.6407814,4782.851335,3
938,Apartments.csv,-436.3311441,5254.480461,1
939,Apartments.csv,-655.9673571,5854.352177,1
940,Apartments.csv,-218.6393863,4365.603442,1
941,Apartments.csv,-183.3947,5328.33583,1
942,Apartments.csv,33.05478504,3467.746482,3
943,Apartments.csv,-140.1595557,3603.070766,3
944,Apartments.csv,-1988.436895,4787.361486,1
945,Apartments.csv,-2625.124051,6221.370149,2
946,Apartments.csv,-3062.288404,6023.397686,2
947,Apartments.csv,-2741.930131,6851.971267,2
948,Apartments.csv,-320.0839237,3603.070766,1
949,Apartments.csv,-1664.887385,6169.22017,1
950,Apartments.csv,-3663.41367,4812.375824,2
951,Apartments.csv,-95.17846365,3562.752767,3
952,Apartments.csv,-1490.541238,5089.58854,1
953,Apartments.csv,131.2810673,4036.153565,3
954,Apartments.csv,-1803.506194,5850.647196,1
955,Apartments.csv,-2495.139054,6791.116923,2
956,Apartments.csv,-2895.651431,6586.52482,2
957,Apartments.csv,-1295.437478,5959.376057,1
958,Apartments.csv,-369.9425295,5263.709231,1
959,Apartments.csv,-2617.600244,6871.40231,2
960,Apartments.csv,-1344.084383,5841.295332,1
961,Apartments.csv,-837.4238116,5709.294708,1
962,Apartments.csv,-694.1547646,6329.574564,1
963,Apartments.csv,-2004.817691,4771.621672,1
964,Apartments.csv,-620.4288122,5178.080887,1
965,Apartments.csv,-609.1483105,5120.376971,1
966,Apartments.csv,-1318.180563,5833.072779,1
967,Apartments.csv,-2721.353174,6862.861219,2
968,Apartments.csv,-758.2762766,5646.307099,1
969,Apartments.csv,-1460.092863,5982.023395,1
970,Apartments.csv,-1391.747694,4649.690187,1
971,Apartments.csv,-2386.153777,5877.001178,2
972,Apartments.csv,-3374.45498,5196.629217,2
973,Apartments.csv,-828.3972887,3924.800395,1
974,Apartments.csv,-1612.765934,4919.669823,1
975,Apartments.csv,-574.8545409,6219.202533,1
976,Apartments.csv,-3178.434537,5838.581872,2
977,Apartments.csv,4.502697651,5359.332759,1
978,Apartments.csv,-671.9951274,5872.867767,1
979,Apartments.csv,-2642.646377,6878.96171,2
980,Apartments.csv,-2990.840351,5982.126021,2
981,Apartments.csv,-2146.908038,5863.511699,1
982,Apartments.csv,-470.0722639,5197.017132,1
983,Apartments.csv,-470.0722639,5254.480461,1
984,Apartments.csv,-1550.207817,5992.041051,1
985,Apartments.csv,-574.8545409,6184.855099,1
986,Apartments.csv,-816.2723827,3907.951274,1
987,Apartments.csv,260.0697594,4749.996808,3
988,Apartments.csv,-89.32987722,3506.898418,3
989,Apartments.csv,-615.3610401,6219.202533,1
990,Apartments.csv,-2610.518482,6587.644626,2
991,Apartments.csv,-1631.991622,6069.547463,1
992,Apartments.csv,-1666.020644,6069.547463,1
993,Apartments.csv,-1631.991622,6106.479357,1
994,Apartments.csv,-1638.43123,5992.041051,1
995,Apartments.csv,-2.201149573,3467.746482,3
996,Apartments.csv,-1030.13218,5924.405986,1
997,Apartments.csv,-1962.614676,5797.276162,1
998,Apartments.csv,-423.8217735,4135.248738,1
999,Apartments.csv,-1649.006133,6088.01341,1
1000,Apartments.csv,-63.68896675,4868.689584,1
1001,Apartments.csv,-1790.521617,6280.091987,1
1002,Apartments.csv,-840.9323881,3752.761692,1
1003,Apartments.csv,-1704.771328,5630.225698,1
1004,Apartments.csv,-80.478443,4852.486665,1
1005,Apartments.csv,163.0587655,4036.153565,3
1006,Apartments.csv,-1550.207817,5934.315164,1
1007,Apartments.csv,-63.68896675,4868.689584,1
1008,Apartments.csv,-798.8628412,3752.761692,1
1009,Apartments.csv,-511.6638983,6049.269943,1
1010,Apartments.csv,-1420.786969,5982.023395,1
1011,Apartments.csv,-3663.41367,4812.375824,2
1012,Apartments.csv,-2856.115259,6604.438452,2
1013,Apartments.csv,-584.8389141,6072.416597,1
1014,Apartments.csv,-2128.40873,5789.668072,1
1015,Apartments.csv,-571.7912026,6115.738632,1
1016,Apartments.csv,-1631.991622,6069.547463,1
1017,Apartments.csv,-70.7176048,3688.579003,3
1018,Apartments.csv,-423.8217735,3961.216825,1
1019,Apartments.csv,-798.8628412,3713.55801,1
1020,Apartments.csv,-3660.264617,5654.560914,2
1021,Apartments.csv,-207.8424974,5336.118051,1
1022,Apartments.csv,-2990.840351,5913.358656,2
1023,Apartments.csv,-2469.018346,6775.14177,2
1024,Apartments.csv,-389.02226,5271.565402,1
1025,Apartments.csv,-1529.753612,5663.496584,1
1026,Apartments.csv,-1666.020644,6069.547463,1
1027,Apartments.csv,-2988.093634,6391.621713,2
1028,Apartments.csv,-3584.169647,5934.395302,2
1029,Apartments.csv,-702.3507125,6020.318112,1
1030,Apartments.csv,-95.17846365,3589.631433,3
1031,Apartments.csv,-1612.765934,4735.182641,1
1032,Apartments.csv,-945.3194248,5851.302482,1
1033,Apartments.csv,-67.28527771,4591.74661,1
1034,Apartments.csv,-67.28527771,4514.923398,1
1035,Apartments.csv,-1008.928991,5906.13011,1
1036,Apartments.csv,-2633.490867,6293.853486,2
1037,Apartments.csv,-1782.807126,5841.088755,1
1038,Apartments.csv,-3584.169647,5886.074292,2
1039,Apartments.csv,-1460.092863,5925.937351,1
1040,Apartments.csv,-1343.386065,5973.348173,1
1041,Apartments.csv,-2610.518482,6618.970543,2
1042,Apartments.csv,-80.478443,4852.486665,1
1043,Apartments.csv,-2106.285901,5797.207129,1
1044,Apartments.csv,-667.0948413,6006.316309,1
1045,Apartments.csv,-1528.151963,5919.883693,1
1046,Apartments.csv,-3366.122556,5214.924087,2
1047,Apartments.csv,-1619.52817,5602.34305,1
1048,Apartments.csv,-140.8274754,4534.129201,1
1049,Apartments.csv,-840.9323881,3713.55801,1
1050,Apartments.csv,-100.9427207,5328.444833,1
1051,Apartments.csv,-1695.125514,5715.107685,1
1052,Apartments.csv,-365.0650157,3616.510099,1
1053,Apartments.csv,345.0626621,5055.52618,3
1054,Apartments.csv,-70.7176048,3783.696759,3
1055,Apartments.csv,-713.3451654,6339.5959,1
1056,Apartments.csv,-571.7912026,6029.094563,1
1057,Apartments.csv,-2.201149573,3512.111274,3
1058,Apartments.csv,-574.8545409,6219.202533,1
1059,Apartments.csv,-2128.40873,5789.668072,1
1060,Apartments.csv,-828.3972887,3924.800395,1
1061,Apartments.csv,-754.3492554,5583.185871,1
1062,Apartments.csv,-1625.863267,6198.707269,1
1063,Apartments.csv,-1051.335368,5869.578358,1
1064,Apartments.csv,-2656.517188,6618.970543,2
1065,Apartments.csv,-622.3890981,3709.381276,1
1066,Apartments.csv,-1292.276742,5841.295332,1
1067,Apartments.csv,147.1699164,4052.559847,3
1068,Apartments.csv,260.0697594,4728.09379,3
1069,Apartments.csv,-1550.046162,5606.726709,1
1070,Apartments.csv,-489.2669637,5689.194111,1
1071,Apartments.csv,-2362.116281,5866.705908,2
1072,Apartments.csv,-748.8346995,5366.606752,1
1073,Apartments.csv,-490.4284849,5933.228356,1
1074,Apartments.csv,327.2118033,4749.996808,3
1075,Apartments.csv,260.0697594,4771.899826,3
1076,Apartments.csv,-2609.285611,6308.698484,2
1077,Apartments.csv,-2617.600244,6871.40231,2
1078,Apartments.csv,-3610.093612,5654.560914,2
1079,Apartments.csv,-3071.594005,6045.059001,2
1080,Apartments.csv,-2401.05831,6214.165375,2
1081,Apartments.csv,-639.9395869,5835.836587,1
1082,Apartments.csv,-369.9425295,5263.709231,1
1083,Apartments.csv,-1569.337158,4735.182641,1
1084,Apartments.csv,-2106.285901,5797.207129,1
1085,Apartments.csv,12.63182918,5340.500579,1
1086,Apartments.csv,-2386.153777,5877.001178,2
1087,Apartments.csv,-2642.646377,6878.96171,2
1088,Apartments.csv,-3399.314534,5914.246871,2
1089,Apartments.csv,-2205.022758,5798.595052,1
1090,Apartments.csv,-2633.517835,6603.307585,2
1091,Apartments.csv,33.05478504,3467.746482,3
1092,Apartments.csv,-565.5506283,5229.883062,1
1093,Apartments.csv,-2988.093634,6301.231945,2
1094,Apartments.csv,-1399.321453,4670.082593,1
1095,Apartments.csv,-3399.314534,6006.532233,2
1096,Apartments.csv,-3663.41367,4812.375824,2
1097,Apartments.csv,-1008.928991,5942.681862,1
1098,Apartments.csv,-2054.487758,5863.511699,1
1099,Apartments.csv,-737.6065836,6006.316309,1
1100,Apartments.csv,-506.5675167,5634.864589,1
1101,Apartments.csv,-618.0650589,4087.839077,1
1102,Apartments.csv,-1623.623128,4781.304437,1
1103,Apartments.csv,-165.5999331,5260.805528,1
1104,Apartments.csv,-2521.259762,6807.092076,2
1105,Apartments.csv,-694.1547646,6329.574564,1
1106,Apartments.csv,-816.2723827,3907.951274,1
1107,Apartments.csv,-924.1162361,5833.026606,1
1108,Apartments.csv,-631.7093139,5235.784803,1
1109,Apartments.csv,15.49164601,5243.946538,1
1110,Apartments.csv,-597.8866256,6029.094563,1
1111,Apartments.csv,-3663.41367,4812.375824,2
1112,Apartments.csv,-2990.840351,6119.660751,2
1113,Apartments.csv,-655.9673571,5854.352177,1
1114,Apartments.csv,-511.6638983,6179.954587,1
1115,Apartments.csv,-189.8556071,4534.129201,1
1116,Apartments.csv,-1784.029137,5797.276162,1
1117,Apartments.csv,-671.9951274,5872.867767,1
1118,Apartments.csv,-588.0767607,4095.949021,1
1119,Apartments.csv,-23.33744269,4416.186995,1
1120,Apartments.csv,-1845.105423,6223.628607,1
1121,Apartments.csv,131.2810673,4036.153565,3
1122,Apartments.csv,-823.736321,5537.173528,1
1123,Apartments.csv,-740.1858031,5637.84877,1
1124,Apartments.csv,394.3538472,4728.09379,3
1125,Apartments.csv,-407.8061721,3917.708846,1
1126,Apartments.csv,23.63140764,5219.167319,1
1127,Apartments.csv,-1683.460539,5609.313712,1
1128,Apartments.csv,-758.2762766,5646.307099,1
1129,Apartments.csv,-609.1483105,5206.932845,1
1130,Apartments.csv,-469.3769716,3837.903868,1
1131,Apartments.csv,-244.6219476,4440.110454,1
1132,Apartments.csv,-713.3451654,6339.5959,1
1133,Apartments.csv,-1645.375326,6183.96372,1
1134,Apartments.csv,-597.8866256,6050.75558,1
1135,Apartments.csv,-3622.636363,5693.35643,2
1136,Apartments.csv,-407.8061721,4178.756716,1
1137,Apartments.csv,-506.5675167,5743.523633,1
1138,Apartments.csv,-1344.084383,5841.295332,1
1139,Apartments.csv,-183.3947,5328.33583,1
1140,Apartments.csv,-828.3972887,3924.800395,1
1141,Apartments.csv,-1631.991622,6106.479357,1
1142,Apartments.csv,353.4663094,5036.39491,3
1143,Apartments.csv,-1803.506194,5850.647196,1
1144,Apartments.csv,-2956.769624,6391.621713,2
1145,Apartments.csv,-3401.834786,4817.964611,2
1146,Apartments.csv,-625.5724812,6284.072403,1
1147,Apartments.csv,-820.312909,5747.052762,1
1148,Apartments.csv,-3660.264617,5706.288269,2
1149,Apartments.csv,-389.02226,5271.565402,1
1150,Apartments.csv,-1828.675521,5797.276162,1
1151,Apartments.csv,-505.8074573,4014.804588,1
1152,Apartments.csv,345.0626621,5055.52618,3
1153,Apartments.csv,-1917.968291,5797.276162,1
1154,Apartments.csv,-369.9425295,5263.709231,1
1155,Apartments.csv,-2599.61055,6212.454165,2
1156,Apartments.csv,-1827.588915,6213.014625,1
1157,Apartments.csv,-631.7093139,5149.228929,1
1158,Apartments.csv,-207.4484519,5260.805528,1
1159,Apartments.csv,-754.3492554,5537.173528,1
1160,Apartments.csv,-1469.919336,5996.044906,1
1161,Apartments.csv,-1318.180563,5833.072779,1
1162,Apartments.csv,-1473.052213,5111.984405,1
1163,Apartments.csv,4.502697651,5359.332759,1
1164,Apartments.csv,-2990.840351,6050.893386,2
1165,Apartments.csv,-2514.175452,6215.348694,2
1166,Apartments.csv,-840.9323881,3752.761692,1
1167,Apartments.csv,163.0587655,4036.153565,3
1168,Apartments.csv,-1508.030263,5067.192675,1
1169,Apartments.csv,-105.6973505,3688.579003,3
1170,Apartments.csv,-2610.518482,6587.644626,2
1171,Apartments.csv,-165.5999331,5214.852254,1
1172,Apartments.csv,-1247.48889,5945.403942,1
1173,Apartments.csv,-1531.132885,5597.24422,1
1174,Apartments.csv,-1730.565797,6174.964099,1
1175,Apartments.csv,-3062.288404,6023.397686,2
1176,Apartments.csv,-463.3161343,5770.688394,1
1177,Apartments.csv,-1664.887385,6169.22017,1
1178,Apartments.csv,-1739.382752,5767.665364,1
1179,Apartments.csv,-2426.298691,6222.441129,2
1180,Apartments.csv,-469.8210223,5943.867019,1
1181,Apartments.csv,-2617.600244,6871.40231,2
1182,Apartments.csv,-653.2021647,6393.714859,1
1183,Apartments.csv,-771.5730523,5378.048731,1
1184,Apartments.csv,-497.9172402,5662.02935,1
1185,Apartments.csv,-3341.984083,5587.368658,2
1186,Apartments.csv,-3006.130469,5999.317862,2
1187,Apartments.csv,15.49164601,5243.946538,1
1188,Apartments.csv,-3610.093612,5706.288269,2
1189,Apartments.csv,-1662.149749,5616.284374,1
1190,Apartments.csv,-740.1858031,5637.84877,1
1191,Apartments.csv,-2741.930131,6851.971267,2
1192,Apartments.csv,-748.8346995,5366.606752,1
1193,Apartments.csv,-439.8373748,4091.74076,1
1194,Apartments.csv,-2401.05831,6214.165375,2
1195,Apartments.csv,-532.2489505,5229.883062,1
1196,Apartments.csv,-68.45479723,4416.186995,1
1197,Apartments.csv,-816.2723827,3907.951274,1
1198,Apartments.csv,-511.5960817,6362.843896,1
1199,Apartments.csv,-105.6973505,3807.476198,3
1200,Apartments.csv,-694.1547646,6329.574564,1
1201,Apartments.csv,-207.4484519,5214.852254,1
1202,Apartments.csv,-217.9105816,5249.317209,1
1203,Apartments.csv,-3331.684761,5561.706681,2
1204,Apartments.csv,-275.1028317,3616.510099,1
1205,Apartments.csv,-1528.151963,5948.746636,1
1206,Apartments.csv,-2721.353174,6862.861219,2
1207,Apartments.csv,-525.2882448,4029.2851,1
1208,Apartments.csv,-469.8210223,5922.589692,1
1209,Apartments.csv,-1972.056098,4803.1013,1
1210,Apartments.csv,-1292.276742,5841.295332,1
1211,Apartments.csv,-828.3972887,3924.800395,1
1212,Apartments.csv,-1660.487083,5948.746636,1
1213,Apartments.csv,-1460.092863,5982.023395,1
1214,Apartments.csv,-1730.565797,6085.754817,1
1215,Apartments.csv,-1734.997284,5715.107685,1
1216,Apartments.csv,-1845.105423,6223.628607,1
1217,Apartments.csv,-375.7749693,4004.724803,1
1218,Apartments.csv,-1625.863267,6198.707269,1
1219,Apartments.csv,-105.6973505,3712.358442,3
1220,Apartments.csv,-2935.187604,6568.611189,2
1221,Apartments.csv,-3422.256916,6029.603574,2
1222,Apartments.csv,-1790.521617,6254.208539,1
1223,Apartments.csv,-1367.360358,5980.33423,1
1224,Apartments.csv,260.0697594,4793.802844,3
1225,Apartments.csv,-854.5347141,5747.052762,1
1226,Apartments.csv,-758.2762766,5646.307099,1
1227,Apartments.csv,-2521.259762,6775.14177,2
1228,Apartments.csv,-486.3266699,4029.2851,1
1229,Apartments.csv,-2625.124051,6221.370149,2
1230,Apartments.csv,-3071.594005,6045.059001,2
1231,Apartments.csv,-2.201149573,3467.746482,3
1232,Apartments.csv,-192.656825,4291.09643,1
1233,Apartments.csv,-54.60842552,5328.444833,1
1234,Apartments.csv,-1473.052213,5067.192675,1
1235,Apartments.csv,-2642.931809,6722.574295,2
1236,Apartments.csv,-170.4977196,3423.559675,3
1237,Apartments.csv,-1988.436895,4787.361486,1
1238,Apartments.csv,-490.4284849,5933.228356,1
1239,Apartments.csv,-1551.334365,5650.81893,1
1240,Apartments.csv,-257.6132282,4477.36396,1
1241,Apartments.csv,-740.1858031,5637.84877,1
1242,Apartments.csv,-3006.130469,6136.852592,2
1243,Apartments.csv,-1550.046162,5606.726709,1
1244,Apartments.csv,-2610.518482,6618.970543,2
1245,Apartments.csv,-165.5999331,5260.805528,1
1246,Apartments.csv,-667.0948413,6034.319915,1
1247,Apartments.csv,-1670.287981,6254.208539,1
1248,Apartments.csv,-771.5730523,5378.048731,1
1249,Apartments.csv,12.63182918,5340.500579,1
1250,Apartments.csv,-2642.646377,6878.96171,2
1251,Apartments.csv,-584.8389141,6072.416597,1
1252,Apartments.csv,-2488.473158,6224.146036,2
1253,Apartments.csv,-639.9395869,5835.836587,1
1254,Apartments.csv,-1551.334365,5676.174238,1
1255,Apartments.csv,-2836.347172,6577.568004,2
1256,Apartments.csv,427.9248691,4739.045299,3
1257,Apartments.csv,-480.6166873,5770.688394,1
1258,Apartments.csv,-1420.786969,5982.023395,1
1259,Apartments.csv,-2914.389761,5896.166814,2
1260,Apartments.csv,-532.2489505,5202.508753,1
1261,Apartments.csv,-3375.994637,4809.663591,2
1262,Apartments.csv,-3401.834786,4817.964611,2
1263,Apartments.csv,-2004.817691,4771.621672,1
1264,Apartments.csv,-713.3451654,6339.5959,1
1265,Apartments.csv,-1827.588915,6213.014625,1
1266,Apartments.csv,-1490.541238,5089.58854,1
1267,Apartments.csv,-574.8545409,6184.855099,1
1268,Apartments.csv,-3374.45498,5196.629217,2
1269,Apartments.csv,-501.2049745,6212.625748,1
1270,Apartments.csv,-966.5226135,5833.026606,1
1271,Apartments.csv,-702.3507125,6020.318112,1
1272,Apartments.csv,-1845.105423,6223.628607,1
1273,Apartments.csv,-667.0948413,6006.316309,1
1274,Apartments.csv,-2239.328317,5863.511699,1
1275,Apartments.csv,-3375.994637,4809.663591,2
1276,Apartments.csv,-2426.298691,6222.441129,2
1277,Apartments.csv,-737.6065836,6006.316309,1
1278,Apartments.csv,-3663.41367,4812.375824,2
1351,Apartments.csv,-4139.977519,7045.426047,2
1352,Apartments.csv,-3244.688142,7225.400418,2
1353,Apartments.csv,-4416.695043,4912.249954,2
1354,Apartments.csv,-4584.344494,7495.656933,2
1355,Apartments.csv,-4052.810921,5464.111536,2
1356,Apartments.csv,-4233.998667,4988.096189,2
1357,Apartments.csv,-4322.624667,5063.426279,2
1358,Apartments.csv,-4201.02044,4891.392284,2
1359,Apartments.csv,-4083.842584,5249.007591,2
1360,Apartments.csv,-4578.557489,5015.544308,2
1361,Apartments.csv,-3538.231536,7162.600293,2
1362,Apartments.csv,-3213.315014,6382.948023,2
1363,Apartments.csv,-3319.010523,7516.249752,2
1364,Apartments.csv,-4039.173222,5249.007591,2
1365,Apartments.csv,-4586.097776,4815.025253,2
1366,Apartments.csv,-4201.02044,4891.392284,2
1367,Apartments.csv,-4202.027454,6880.234014,2
1368,Apartments.csv,-3693.171308,7049.664931,2
1369,Apartments.csv,-4416.264979,7613.430463,2
1370,Apartments.csv,-4227.517611,7439.645566,2
1371,Apartments.csv,-3134.773907,6298.465427,2
1372,Apartments.csv,-3600.049744,6558.026737,2
1373,Apartments.csv,-3119.545759,6279.856637,2
1374,Apartments.csv,-4240.854188,5326.456348,2
1375,Apartments.csv,-3821.525168,6445.583704,2
1376,Apartments.csv,-4432.458431,4635.607331,2
1377,Apartments.csv,-3119.545759,6317.074217,2
1378,Apartments.csv,-3769.266952,6643.937149,2
1379,Apartments.csv,-4079.842235,5075.715888,2
1380,Apartments.csv,-3810.454617,7158.255137,2
1381,Apartments.csv,-3673.38678,6943.779003,2
1382,Apartments.csv,-4491.422468,5049.40528,2
1383,Apartments.csv,-3313.834575,7410.998462,2
1384,Apartments.csv,-3922.184936,5655.636276,2
1385,Apartments.csv,-4062.599517,5374.957787,2
1386,Apartments.csv,-4568.814578,5046.631479,2
1387,Apartments.csv,-3653.280929,6958.416817,2
1388,Apartments.csv,-4584.368731,7155.906964,2
1389,Apartments.csv,-4500.973447,4816.88814,2
1390,Apartments.csv,-4602.758598,7604.489702,2
1391,Apartments.csv,-4068.573908,7040.187826,2
1392,Apartments.csv,-3313.834575,7323.281847,2
1393,Apartments.csv,-4138.639972,5464.111536,2
1394,Apartments.csv,-3286.069076,6620.496822,2
1395,Apartments.csv,-4338.252773,7217.675877,2
1396,Apartments.csv,-3842.923646,6429.993028,2
1397,Apartments.csv,-4588.788595,7076.240408,2
1398,Apartments.csv,-3483.726309,6460.971646,2
1399,Apartments.csv,-3920.378542,7113.806642,2
1400,Apartments.csv,-4052.810921,5505.96915,2
1401,Apartments.csv,-4002.896357,7139.382338,2
1402,Apartments.csv,-3787.283506,7444.296956,2
1403,Apartments.csv,-4160.097235,5495.504746,2
1404,Apartments.csv,-4576.104566,7136.203575,2
1405,Apartments.csv,-4540.795252,6999.394029,2
1406,Apartments.csv,-3594.233653,7334.725145,2
1407,Apartments.csv,-4416.695043,4977.450008,2
1408,Apartments.csv,-3920.378542,7163.711898,2
1409,Apartments.csv,-4292.475664,4902.454727,2
1410,Apartments.csv,-4242.735829,5081.386562,2
1411,Apartments.csv,-3893.849676,7448.434172,2
1412,Apartments.csv,-4463.741301,7068.071621,2
1413,Apartments.csv,-3323.451449,7432.927616,2
1414,Apartments.csv,-3581.037299,7172.02338,2
1415,Apartments.csv,-4499.4459,4977.450008,2
1416,Apartments.csv,-4434.422104,7428.995176,2
1417,Apartments.csv,-4585.173062,4906.278484,2
1418,Apartments.csv,-4115.28392,7351.021407,2
1419,Apartments.csv,-4208.932998,5557.091112,2
1420,Apartments.csv,-4359.956233,4838.59559,2
1421,Apartments.csv,-4129.130489,6960.034346,2
1422,Apartments.csv,-4255.048422,7164.441147,2
1423,Apartments.csv,-3467.256865,6696.251403,2
1424,Apartments.csv,-4130.202985,6891.304539,2
1425,Apartments.csv,-4449.884008,7416.021613,2
1426,Apartments.csv,-4584.368731,7155.906964,2
1427,Apartments.csv,-4074.268183,5516.433554,2
1428,Apartments.csv,-4507.177102,7503.549114,2
1429,Apartments.csv,-4233.820197,7326.642302,2
1430,Apartments.csv,-3377.265666,6635.690129,2
1431,Apartments.csv,-3998.597776,6552.870792,2
1432,Apartments.csv,-4130.202985,6891.304539,2
1433,Apartments.csv,-4475.244076,5133.751002,2
1434,Apartments.csv,-4227.336286,5374.57281,2
1435,Apartments.csv,-4307.515859,6659.270436,2
1436,Apartments.csv,-3311.149674,7541.831723,2
1437,Apartments.csv,-4045.552966,5399.110983,2
1438,Apartments.csv,-4500.939888,5116.566483,2
1439,Apartments.csv,-3997.075868,7372.999529,2
1440,Apartments.csv,-4586.943131,7246.790468,2
1441,Apartments.csv,-4191.794125,5617.599106,2
1442,Apartments.csv,-3373.332985,6448.960196,2
1443,Apartments.csv,-3867.255165,7440.728021,2
1444,Apartments.csv,-3203.833412,7213.180297,2
1445,Apartments.csv,-4434.422104,7428.995176,2
1446,Apartments.csv,-4057.69251,6573.407515,2
1447,Apartments.csv,-3802.489895,7281.266886,2
1448,Apartments.csv,-4427.79759,7054.325309,2
1449,Apartments.csv,-4520.133614,4895.949941,2
1450,Apartments.csv,-3267.926541,6628.086769,2
1451,Apartments.csv,-4258.580997,5064.105567,2
1452,Apartments.csv,-4079.646068,5399.110983,2
1453,Apartments.csv,-3922.626876,7236.801584,2
1454,Apartments.csv,-3393.061111,7157.163565,2
1455,Apartments.csv,-3495.425772,7172.02338,2
1456,Apartments.csv,-3958.427688,5655.636276,2
1457,Apartments.csv,-3842.233269,5270.654996,2
1458,Apartments.csv,-3922.626876,7282.418526,2
1459,Apartments.csv,-4583.82574,7612.940521,2
1460,Apartments.csv,-3764.409379,7108.472594,2
1461,Apartments.csv,-3483.726309,6539.720903,2
1462,Apartments.csv,-4124.780262,5743.086391,2
1463,Apartments.csv,-4130.202985,6891.304539,2
1464,Apartments.csv,-3399.623927,7315.793402,2
1465,Apartments.csv,-4437.382757,4895.949941,2
1466,Apartments.csv,-4395.678549,5061.710721,2
1467,Apartments.csv,-4117.674594,7065.838655,2
1468,Apartments.csv,-3868.78873,5243.136529,2
1469,Apartments.csv,-4130.202985,6891.304539,2
1470,Apartments.csv,-4574.579558,7091.464804,2
1471,Apartments.csv,-4411.712653,4644.449348,2
1472,Apartments.csv,-4449.884008,7416.021613,2
1473,Apartments.csv,-4226.071872,5496.583118,2
1474,Apartments.csv,-4225.765819,6654.48464,2
1475,Apartments.csv,-3250.453564,7818.903749,2
1476,Apartments.csv,-4304.84496,5054.285923,2
1477,Apartments.csv,-4471.613535,5032.934362,2
1478,Apartments.csv,-4349.886552,7507.586473,2
1479,Apartments.csv,-3368.163023,7165.251937,2
1480,Apartments.csv,-4511.231401,5065.876199,2
1481,Apartments.csv,-4449.548265,5116.566483,2
1482,Apartments.csv,-4039.173222,5294.618977,2
1483,Apartments.csv,-4236.870047,5179.714074,2
1484,Apartments.csv,-4576.104566,7136.203575,2
1485,Apartments.csv,-4449.548265,5150.935522,2
1486,Apartments.csv,-4593.803239,4837.029341,2
1487,Apartments.csv,-3800.126691,6429.993028,2
1488,Apartments.csv,-3939.503042,6573.407515,2
1489,Apartments.csv,-4193.842845,5815.668581,2
1490,Apartments.csv,-3875.143673,7236.801584,2
1491,Apartments.csv,-4214.506335,4936.711312,2
1492,Apartments.csv,-4117.674594,7025.01344,2
1493,Apartments.csv,-4167.108228,5289.481367,2
1494,Apartments.csv,-3867.689892,7113.806642,2
1495,Apartments.csv,-3493.808118,6480.65896,2
1496,Apartments.csv,-3307.20197,7807.902106,2
1497,Apartments.csv,-4242.735829,5081.386562,2
1498,Apartments.csv,-4183.224688,5587.345109,2
1499,Apartments.csv,-4602.758598,7604.489702,2
1500,Apartments.csv,-4175.242288,6545.932859,2
1501,Apartments.csv,-3867.689892,7163.711898,2
1502,Apartments.csv,-4028.145143,6563.139153,2
1503,Apartments.csv,-4579.079759,7267.629837,2
1504,Apartments.csv,-4074.268183,5495.504746,2
1505,Apartments.csv,-4516.502624,7428.746804,2
1506,Apartments.csv,-3554.432378,6558.026737,2
1507,Apartments.csv,-4227.336286,5278.339886,2
1508,Apartments.csv,-4228.134178,7056.028134,2
1509,Apartments.csv,-4133.060969,5249.200827,2
1510,Apartments.csv,-4485.176712,7602.587584,2
1511,Apartments.csv,-3764.409379,7158.255137,2
1512,Apartments.csv,-4179.486246,6818.961926,2
1513,Apartments.csv,-3286.069076,6620.496822,2
1514,Apartments.csv,-3473.644501,6520.033589,2
1515,Apartments.csv,-3393.061111,7157.163565,2
1516,Apartments.csv,-3693.171308,7143.903445,2
1517,Apartments.csv,-4347.353246,7602.587584,2
1518,Apartments.csv,-3453.480885,6441.284331,2
1519,Apartments.csv,-4124.780262,5660.153645,2
1520,Apartments.csv,-3775.920688,7170.700773,2
1521,Apartments.csv,-3810.454617,7158.255137,2
1522,Apartments.csv,-3134.773907,6298.465427,2
1523,Apartments.csv,-3284.983954,7301.352693,2
1524,Apartments.csv,-3875.143673,7282.418526,2
1525,Apartments.csv,-4233.820197,7248.615561,2
1526,Apartments.csv,-4347.353246,7624.273341,2
1527,Apartments.csv,-4101.343677,6461.509562,2
1528,Apartments.csv,-3863.272872,7248.205819,2
1529,Apartments.csv,-4475.244076,5133.751002,2
1530,Apartments.csv,-4507.177102,7542.979763,2
1531,Apartments.csv,-4093.009794,6481.126503,2
1532,Apartments.csv,-3495.425772,7153.177207,2
1533,Apartments.csv,-4151.756519,6975.810494,2
1534,Apartments.csv,-4584.368731,7155.906964,2
1535,Apartments.csv,-4052.15452,7015.389199,2
1536,Apartments.csv,-4409.872157,5045.171379,2
1537,Apartments.csv,-4312.89738,7624.273341,2
1538,Apartments.csv,-4254.37209,5254.281655,2
1539,Apartments.csv,-4106.50446,6975.810494,2
1540,Apartments.csv,-3769.266952,6737.769625,2
1541,Apartments.csv,-4586.943131,7246.790468,2
1542,Apartments.csv,-4129.130489,6960.034346,2
1543,Apartments.csv,-3922.626876,7236.801584,2
1544,Apartments.csv,-3323.451449,7389.069308,2
1545,Apartments.csv,-3267.926541,6628.086769,2
1546,Apartments.csv,-4432.458431,4635.607331,2
1547,Apartments.csv,-4349.886552,7416.998597,2
1548,Apartments.csv,-3368.163023,7165.251937,2
1549,Apartments.csv,-4344.452304,6594.347108,2
1550,Apartments.csv,-3433.317268,6559.408218,2
1551,Apartments.csv,-4174.165448,6654.48464,2
1552,Apartments.csv,-4434.422104,7428.995176,2
1553,Apartments.csv,-4520.72445,4799.473245,2
1554,Apartments.csv,-4256.478683,5801.734568,2
1555,Apartments.csv,-4576.104566,7136.203575,2
1556,Apartments.csv,-3119.545759,6279.856637,2
1557,Apartments.csv,-4434.87459,7542.979763,2
1558,Apartments.csv,-4167.108228,5249.200827,2
1559,Apartments.csv,-3769.266952,6925.434575,2
1560,Apartments.csv,-3387.136081,7420.454434,2
1561,Apartments.csv,-4095.009924,5237.604744,2
1562,Apartments.csv,-3538.231536,7162.600293,2
1563,Apartments.csv,-4583.82574,7612.940521,2
1564,Apartments.csv,-3609.947817,7352.163997,2
1565,Apartments.csv,-4200.363561,5647.853103,2
1566,Apartments.csv,-4586.097776,4815.025253,2
1567,Apartments.csv,-3765.991924,7453.379752,2
1568,Apartments.csv,-4083.842584,5249.007591,2
1569,Apartments.csv,-3578.51949,7317.286292,2
1570,Apartments.csv,-3467.256865,6635.690129,2
1571,Apartments.csv,-3600.049744,6514.242848,2
1572,Apartments.csv,-4313.91875,4838.59559,2
1573,Apartments.csv,-4405.993716,4838.59559,2
1574,Apartments.csv,-4481.222444,4834.303035,2
1575,Apartments.csv,-4014.983183,7422.81159,2
1576,Apartments.csv,-4160.097235,5474.575939,2
1577,Apartments.csv,-3286.069076,6620.496822,2
1578,Apartments.csv,-4500.939888,5116.566483,2
1579,Apartments.csv,-3554.432378,6514.242848,2
1580,Apartments.csv,-3285.542873,7237.620539,2
1581,Apartments.csv,-4588.300401,4984.457137,2
1582,Apartments.csv,-4580.138686,7008.662374,2
1583,Apartments.csv,-4331.460329,5005.224481,2
1584,Apartments.csv,-3802.489895,7234.768027,2
1585,Apartments.csv,-3268.898616,7641.364505,2
1586,Apartments.csv,-3313.834575,7410.998462,2
1587,Apartments.csv,-3319.010523,7516.249752,2
1588,Apartments.csv,-4201.02044,4891.392284,2
1589,Apartments.csv,-4449.548265,5116.566483,2
1590,Apartments.csv,-4087.239877,6583.675877,2
1591,Apartments.csv,-4503.98817,4735.108703,2
1592,Apartments.csv,-3693.492631,6958.416817,2
1593,Apartments.csv,-4481.222444,4799.473245,2
1594,Apartments.csv,-4190.75685,6788.325883,2
1595,Apartments.csv,-4115.025056,6796.844719,2
1596,Apartments.csv,-3787.283506,7444.296956,2
1597,Apartments.csv,-4360.129322,7227.962231,2
1598,Apartments.csv,-3119.545759,6317.074217,2
1599,Apartments.csv,-3324.578114,7755.314858,2
1600,Apartments.csv,-3318.248169,7641.364505,2
1601,Apartments.csv,-3393.803722,6456.850124,2
1602,Apartments.csv,-3922.626876,7282.418526,2
1603,Apartments.csv,-4113.378496,5722.353205,2
1604,Apartments.csv,-3491.217749,7315.793402,2
1605,Apartments.csv,-4491.422468,5049.40528,2
1606,Apartments.csv,-3765.991924,7453.379752,2
1607,Apartments.csv,-4349.886552,7552.880411,2
1608,Apartments.csv,-4124.442934,7422.81159,2
1609,Apartments.csv,-4214.506335,5005.224481,2
1610,Apartments.csv,-4130.202985,6891.304539,2
1611,Apartments.csv,-4395.678549,5061.710721,2
1612,Apartments.csv,-4115.28392,7302.650118,2
1613,Apartments.csv,-3373.332985,6448.960196,2
1614,Apartments.csv,-4579.079759,7267.629837,2
1615,Apartments.csv,-3285.542873,7213.180297,2
1616,Apartments.csv,-4588.788595,7076.240408,2
1617,Apartments.csv,-4300.938975,7416.998597,2
1618,Apartments.csv,-4613.95992,5136.658601,2
1619,Apartments.csv,-4449.884008,7416.021613,2
1620,Apartments.csv,-3969.050409,6563.139153,2
1621,Apartments.csv,-4434.87459,7503.549114,2
1622,Apartments.csv,-3800.126691,6461.17438,2
1623,Apartments.csv,-4161.354971,7351.021407,2
1624,Apartments.csv,-4214.506335,4970.967897,2
1625,Apartments.csv,-4584.344494,7365.069828,2
1626,Apartments.csv,-4471.613535,5032.934362,2
1627,Apartments.csv,-4136.182028,5680.886832,2
1628,Apartments.csv,-3909.955675,6563.139153,2
1629,Apartments.csv,-4593.207025,7397.716604,2
1630,Apartments.csv,-4525.25273,7503.549114,2
1631,Apartments.csv,-4243.50463,7229.108876,2
1632,Apartments.csv,-4584.368731,7155.906964,2
1633,Apartments.csv,-4227.336286,5302.398117,2
1634,Apartments.csv,-4411.712653,4644.449348,2
1635,Apartments.csv,-3483.726309,6460.971646,2
1636,Apartments.csv,-3764.409379,7108.472594,2
1637,Apartments.csv,-3313.834575,7323.281847,2
1638,Apartments.csv,-4113.378496,5680.886832,2
1639,Apartments.csv,-4337.935844,6649.646649,2
1640,Apartments.csv,-4593.207025,7463.010157,2
1641,Apartments.csv,-3323.451449,7432.927616,2
1642,Apartments.csv,-3611.454086,6525.18882,2
1643,Apartments.csv,-4381.809113,7602.587584,2
1644,Apartments.csv,-4575.481963,7332.423052,2
1645,Apartments.csv,-4322.624667,5063.426279,2
1646,Apartments.csv,-4219.629175,7035.285724,2
1647,Apartments.csv,-3354.767866,6620.54981,2
1648,Apartments.csv,-3867.255165,7456.140323,2
1649,Apartments.csv,-4131.207006,5829.602594,2
1650,Apartments.csv,-4602.758598,7604.489702,2
1651,Apartments.csv,-4578.557489,5015.544308,2
1652,Apartments.csv,-4511.231401,5065.876199,2
1653,Apartments.csv,-3653.280929,6929.141188,2
1654,Apartments.csv,-4277.095873,6649.646649,2
1655,Apartments.csv,-4168.215642,6788.325883,2
1656,Apartments.csv,-4499.685013,7081.817932,2
1657,Apartments.csv,-3393.061111,7157.163565,2
1658,Apartments.csv,-3815.677807,5298.173462,2
1659,Apartments.csv,-4431.323605,4695.840394,2
1660,Apartments.csv,-4292.475664,5005.224481,2
1661,Apartments.csv,-4048.436673,5179.714074,2
1662,Apartments.csv,-4124.479966,6772.244768,2
1663,Apartments.csv,-4183.224688,5647.853103,2
1664,Apartments.csv,-4575.481963,7528.303709,2
1665,Apartments.csv,-4304.84496,5054.285923,2
1666,Apartments.csv,-3193.705158,7829.905392,2
1667,Apartments.csv,-3266.579349,7755.314858,2
1668,Apartments.csv,-4307.515859,6659.270436,2
1669,Apartments.csv,-3842.081145,7032.056093,2
1670,Apartments.csv,-4574.579558,7091.464804,2
1671,Apartments.csv,-4434.422104,7428.995176,2
1672,Apartments.csv,-4228.134178,7056.028134,2
1673,Apartments.csv,-3673.38678,6943.779003,2
1674,Apartments.csv,-4593.803239,4837.029341,2
1675,Apartments.csv,-4584.719946,4739.94654,2
1676,Apartments.csv,-3514.116204,7296.715028,2
1677,Apartments.csv,-4161.354971,7302.650118,2
1678,Apartments.csv,-4130.202985,6891.304539,2
1679,Apartments.csv,-4593.207025,7528.303709,2
1680,Apartments.csv,-3986.476969,7015.389199,2
1681,Apartments.csv,-4409.872157,5045.171379,2
1682,Apartments.csv,-4322.624667,5063.426279,2
1683,Apartments.csv,-3832.637249,7372.999529,2
1684,Apartments.csv,-3703.248332,7026.105303,2
1685,Apartments.csv,-4416.798962,7503.549114,2
1686,Apartments.csv,-3769.266952,6831.6021,2
1687,Apartments.csv,-3764.409379,7158.255137,2
1688,Apartments.csv,-3775.920688,7170.700773,2
1689,Apartments.csv,-4039.173222,5249.007591,2
1690,Apartments.csv,-3318.248169,7599.189716,2
1691,Apartments.csv,-4586.097776,4815.025253,2
1692,Apartments.csv,-4133.060969,5289.481367,2
1693,Apartments.csv,-3762.492332,7234.768027,2
1694,Apartments.csv,-3821.525168,6445.583704,2
1695,Apartments.csv,-4593.803239,4837.029341,2
1696,Apartments.csv,-4201.02044,4891.392284,2
1697,Apartments.csv,-3134.773907,6298.465427,2
1698,Apartments.csv,-4338.252773,7217.675877,2
1699,Apartments.csv,-4584.719946,4697.61754,2
1700,Apartments.csv,-4616.827642,4697.61754,2
1701,Apartments.csv,-4243.50463,7307.135617,2
1702,Apartments.csv,-3868.78873,5408.247328,2
1703,Apartments.csv,-4136.182028,5639.420459,2
1704,Apartments.csv,-4568.814578,5046.631479,2
1705,Apartments.csv,-4395.678549,5061.710721,2
1706,Apartments.csv,-3284.983954,7301.352693,2
1707,Apartments.csv,-3323.451449,7389.069308,2
1708,Apartments.csv,-3119.545759,6279.856637,2
1709,Apartments.csv,-3907.206379,7176.188212,2
1710,Apartments.csv,-4151.756519,6975.810494,2
1711,Apartments.csv,-3225.893331,6396.096646,2
1712,Apartments.csv,-3368.163023,7165.251937,2
1713,Apartments.csv,-4126.801683,7363.114229,2
1714,Apartments.csv,-3998.597776,6552.870792,2
1715,Apartments.csv,-4120.226041,7165.112134,2
1716,Apartments.csv,-4571.994689,5103.99227,2
1717,Apartments.csv,-3762.492332,7281.266886,2
1718,Apartments.csv,-4106.50446,6975.810494,2
1719,Apartments.csv,-3581.037299,7172.02338,2
1720,Apartments.csv,-4190.75685,6849.59797,2
1721,Apartments.csv,-4167.108228,5289.481367,2
1722,Apartments.csv,-4586.943131,7246.790468,2
1723,Apartments.csv,-4258.580997,5064.105567,2
1724,Apartments.csv,-4588.300401,4984.457137,2
1725,Apartments.csv,-3393.061111,7157.163565,2
1726,Apartments.csv,-3393.803722,6456.850124,2
1727,Apartments.csv,-4312.89738,7602.587584,2
1728,Apartments.csv,-4048.436673,5138.1148,2
1729,Apartments.csv,-4097.077997,7409.520667,2
1730,Apartments.csv,-4334.244917,7164.441147,2
1731,Apartments.csv,-3330.585557,7588.646019,2
1732,Apartments.csv,-4151.807872,7409.520667,2
1733,Apartments.csv,-4584.719946,4739.94654,2
,,,,
,,,,
